followersGained,generalPageViews,generalPageUniqueVisitors,lifePageViews,lifePageUniqueVisitors,jobsPageViews,jobsPageUniqueVisitors,pageViewsDesktop,pageViewsMobile,pageViews,uniqueVisitorsDesktop,uniqueVisitorsMobile,uniqueVisitors,impressions,clicks,reactions,comments,shares,engagementRate,date,acc,engagements,chan,followersTotal,bookmarks,timesSent,unfollows,profileVisits,postsCreated,videoViews,mediaViews
0,3.0,3.0,0.0,0.0,0.0,0.0,2.0,1.0,3.0,2.0,1.0,3.0,18,0.0,0,0,0,0.0,2026-01-01,buis,0.0,lin,,,,,,,,
2,17.0,10.0,0.0,0.0,11.0,7.0,25.0,13.0,38.0,5.0,7.0,12.0,75,0.0,0,0,0,0.0,2026-01-02,buis,0.0,lin,,,,,,,,
1,6.0,4.0,0.0,0.0,2.0,2.0,4.0,6.0,10.0,1.0,4.0,5.0,9,0.0,0,0,0,0.0,2026-01-03,buis,0.0,lin,,,,,,,,
0,4.0,2.0,0.0,0.0,3.0,2.0,5.0,4.0,9.0,2.0,2.0,4.0,49,0.0,0,0,0,0.0,2026-01-04,buis,0.0,lin,,,,,,,,
2,25.0,15.0,0.0,0.0,7.0,7.0,17.0,28.0,45.0,8.0,9.0,16.0,88,0.0,0,0,0,0.0,2026-01-05,buis,0.0,lin,,,,,,,,
2,26.0,23.0,0.0,0.0,6.0,6.0,25.0,16.0,41.0,18.0,8.0,26.0,56,0.0,0,0,0,0.0,2026-01-06,buis,0.0,lin,,,,,,,,
2,29.0,24.0,0.0,0.0,10.0,9.0,30.0,26.0,56.0,14.0,11.0,25.0,84,5.0,1,0,0,0.07142857142857142,2026-01-07,buis,6.0,lin,,,,,,,,
2,16.0,11.0,0.0,0.0,5.0,5.0,14.0,20.0,34.0,5.0,9.0,14.0,103,1.0,0,0,0,0.009708737864077669,2026-01-08,buis,0.9999999999999999,lin,,,,,,,,
1,25.0,13.0,0.0,0.0,10.0,9.0,27.0,19.0,46.0,7.0,9.0,16.0,32,0.0,0,0,0,0.0,2026-01-09,buis,0.0,lin,,,,,,,,
0,1.0,1.0,0.0,0.0,2.0,2.0,1.0,5.0,6.0,1.0,2.0,3.0,20,2.0,0,0,0,0.1,2026-01-10,buis,2.0,lin,,,,,,,,
0,4.0,3.0,0.0,0.0,1.0,1.0,1.0,5.0,6.0,1.0,2.0,3.0,6,2.0,0,0,0,0.3333333333333333,2026-01-11,buis,2.0,lin,,,,,,,,
4,12.0,10.0,0.0,0.0,4.0,3.0,14.0,12.0,26.0,7.0,5.0,12.0,68,4.0,0,0,0,0.058823529411764705,2026-01-12,buis,4.0,lin,,,,,,,,
3,16.0,9.0,0.0,0.0,1.0,1.0,8.0,10.0,18.0,4.0,6.0,9.0,50,7.0,0,0,0,0.14,2026-01-13,buis,7.000000000000001,lin,,,,,,,,
3,14.0,10.0,0.0,0.0,3.0,3.0,20.0,5.0,25.0,8.0,3.0,11.0,48,2.0,0,0,0,0.041666666666666664,2026-01-14,buis,2.0,lin,,,,,,,,
1,7.0,3.0,0.0,0.0,2.0,2.0,2.0,8.0,10.0,2.0,3.0,5.0,9,0.0,0,0,0,0.0,2026-01-15,buis,0.0,lin,,,,,,,,
-1,17.0,10.0,0.0,0.0,2.0,2.0,12.0,11.0,23.0,4.0,6.0,10.0,60,1.0,0,0,0,0.016666666666666666,2026-01-16,buis,1.0,lin,,,,,,,,
2,1.0,1.0,0.0,0.0,0.0,0.0,0.0,1.0,1.0,0.0,1.0,1.0,1,0.0,0,0,0,0.0,2026-01-17,buis,0.0,lin,,,,,,,,
0,2.0,1.0,0.0,0.0,4.0,2.0,0.0,7.0,7.0,0.0,2.0,2.0,5,0.0,0,0,0,0.0,2026-01-18,buis,0.0,lin,,,,,,,,
2,9.0,8.0,0.0,0.0,4.0,4.0,10.0,8.0,18.0,5.0,4.0,9.0,17,1.0,0,0,0,0.058823529411764705,2026-01-19,buis,1.0,lin,,,,,,,,
2,20.0,14.0,0.0,0.0,3.0,3.0,20.0,17.0,37.0,8.0,8.0,15.0,27,0.0,0,0,0,0.0,2026-01-20,buis,0.0,lin,,,,,,,,
7,32.0,23.0,0.0,0.0,12.0,12.0,23.0,30.0,53.0,13.0,14.0,27.0,55,2.0,0,0,0,0.03636363636363636,2026-01-21,buis,2.0,lin,,,,,,,,
2,18.0,13.0,0.0,0.0,3.0,3.0,14.0,19.0,33.0,5.0,8.0,13.0,16,2.0,0,0,0,0.125,2026-01-22,buis,2.0,lin,,,,,,,,
4,15.0,10.0,0.0,0.0,4.0,4.0,12.0,12.0,24.0,5.0,5.0,10.0,18,1.0,0,0,0,0.05555555555555555,2026-01-23,buis,1.0,lin,,,,,,,,
0,9.0,6.0,0.0,0.0,4.0,4.0,2.0,15.0,17.0,1.0,6.0,7.0,22,0.0,0,0,0,0.0,2026-01-24,buis,0.0,lin,,,,,,,,
0,2.0,2.0,0.0,0.0,1.0,1.0,3.0,1.0,4.0,2.0,1.0,3.0,4,0.0,0,0,0,0.0,2026-01-25,buis,0.0,lin,,,,,,,,
1,7.0,5.0,0.0,0.0,0.0,0.0,12.0,2.0,14.0,5.0,1.0,6.0,30,0.0,0,0,0,0.0,2026-01-26,buis,0.0,lin,,,,,,,,
1,13.0,11.0,0.0,0.0,7.0,7.0,10.0,21.0,31.0,5.0,10.0,15.0,46,0.0,0,0,0,0.0,2026-01-27,buis,0.0,lin,,,,,,,,
4,19.0,13.0,0.0,0.0,4.0,4.0,14.0,13.0,27.0,8.0,7.0,15.0,44,2.0,0,0,0,0.045454545454545456,2026-01-28,buis,2.0,lin,,,,,,,,
0,7.0,6.0,0.0,0.0,4.0,2.0,7.0,7.0,14.0,4.0,4.0,8.0,31,0.0,0,0,0,0.0,2026-01-29,buis,0.0,lin,,,,,,,,
1,19.0,13.0,0.0,0.0,6.0,6.0,10.0,30.0,40.0,4.0,12.0,16.0,33,6.0,0,0,0,0.18181818181818182,2026-01-30,buis,6.0,lin,,,,,,,,
0,3.0,3.0,0.0,0.0,1.0,1.0,1.0,4.0,5.0,1.0,3.0,4.0,11,0.0,0,0,0,0.0,2026-01-31,buis,0.0,lin,,,,,,,,
0,3.0,2.0,0.0,0.0,0.0,0.0,5.0,0.0,5.0,2.0,0.0,2.0,14,0.0,0,0,0,0.0,2026-02-01,buis,0.0,lin,,,,,,,,
0,0.0,0.0,0.0,0.0,0.0,0.0,0.0,0.0,0.0,0.0,0.0,0.0,1,0.0,0,0,0,0.0,2026-02-02,buis,0.0,lin,,,,,,,,
0,3.0,3.0,0.0,0.0,1.0,1.0,7.0,3.0,10.0,4.0,1.0,5.0,20,0.0,0,0,0,0.0,2026-02-03,buis,0.0,lin,,,,,,,,
3,15.0,11.0,0.0,0.0,7.0,7.0,17.0,14.0,31.0,8.0,7.0,14.0,47,6.0,0,0,0,0.1276595744680851,2026-02-04,buis,5.999999999999999,lin,,,,,,,,
4,34.0,21.0,0.0,0.0,10.0,9.0,31.0,31.0,62.0,13.0,12.0,25.0,72,5.0,0,0,0,0.06944444444444445,2026-02-05,buis,5.0,lin,,,,,,,,
1,31.0,21.0,0.0,0.0,12.0,12.0,32.0,19.0,51.0,16.0,8.0,24.0,121,5.0,4,0,0,0.0743801652892562,2026-02-06,buis,9.0,lin,,,,,,,,
1,8.0,7.0,0.0,0.0,11.0,6.0,3.0,19.0,22.0,1.0,7.0,8.0,32,4.0,0,0,0,0.125,2026-02-07,buis,4.0,lin,,,,,,,,
0,9.0,8.0,0.0,0.0,2.0,2.0,5.0,6.0,11.0,4.0,5.0,9.0,20,7.0,0,0,0,0.35,2026-02-08,buis,7.0,lin,,,,,,,,
2,24.0,18.0,0.0,0.0,10.0,9.0,26.0,19.0,45.0,11.0,8.0,19.0,66,0.0,0,0,0,0.0,2026-02-09,buis,0.0,lin,,,,,,,,
3,25.0,19.0,0.0,0.0,14.0,13.0,18.0,35.0,53.0,7.0,15.0,22.0,53,12.0,0,0,0,0.22641509433962265,2026-02-10,buis,12.0,lin,,,,,,,,
2,12.0,10.0,0.0,0.0,3.0,3.0,21.0,9.0,30.0,9.0,4.0,13.0,22,2.0,0,0,0,0.09090909090909091,2026-02-11,buis,2.0,lin,,,,,,,,
2,26.0,17.0,0.0,0.0,9.0,7.0,19.0,27.0,46.0,7.0,11.0,18.0,45,5.0,0,0,0,0.1111111111111111,2026-02-12,buis,5.0,lin,,,,,,,,
2,24.0,16.0,0.0,0.0,9.0,8.0,36.0,11.0,47.0,12.0,4.0,16.0,47,0.0,0,0,0,0.0,2026-02-13,buis,0.0,lin,,,,,,,,
2,5.0,4.0,0.0,0.0,4.0,3.0,3.0,8.0,11.0,3.0,4.0,6.0,25,1.0,0,0,0,0.04,2026-02-14,buis,1.0,lin,,,,,,,,
2,8.0,2.0,0.0,0.0,2.0,2.0,5.0,7.0,12.0,1.0,2.0,3.0,31,0.0,0,0,0,0.0,2026-02-15,buis,0.0,lin,,,,,,,,
13,17.0,12.0,0.0,0.0,8.0,6.0,21.0,13.0,34.0,8.0,4.0,12.0,44,11.0,0,0,0,0.25,2026-02-16,buis,11.0,lin,,,,,,,,
2,25.0,20.0,0.0,0.0,9.0,7.0,21.0,28.0,49.0,11.0,11.0,22.0,42,4.0,0,0,0,0.09523809523809523,2026-02-17,buis,4.0,lin,,,,,,,,
4,28.0,15.0,0.0,0.0,12.0,7.0,22.0,23.0,45.0,11.0,7.0,17.0,68,12.0,0,0,0,0.17647058823529413,2026-02-18,buis,12.0,lin,,,,,,,,
2,14.0,9.0,0.0,0.0,2.0,2.0,10.0,13.0,23.0,6.0,4.0,10.0,61,14.0,0,0,0,0.22950819672131148,2026-02-19,buis,14.0,lin,,,,,,,,
3,16.0,11.0,0.0,0.0,6.0,6.0,35.0,13.0,48.0,8.0,5.0,13.0,81,1.0,0,0,0,0.012345679012345678,2026-02-20,buis,1.0,lin,,,,,,,,
0,7.0,4.0,0.0,0.0,2.0,2.0,4.0,6.0,10.0,2.0,2.0,4.0,9,0.0,1,0,0,0.1111111111111111,2026-02-21,buis,1.0,lin,,,,,,,,
0,2.0,2.0,0.0,0.0,0.0,0.0,2.0,0.0,2.0,2.0,0.0,2.0,6,0.0,0,0,0,0.0,2026-02-22,buis,0.0,lin,,,,,,,,
4,18.0,10.0,0.0,0.0,4.0,4.0,20.0,6.0,26.0,8.0,3.0,11.0,62,2.0,0,0,0,0.03225806451612903,2026-02-23,buis,2.0,lin,,,,,,,,
0,29.0,17.0,0.0,0.0,8.0,7.0,34.0,16.0,50.0,9.0,9.0,18.0,81,0.0,0,0,0,0.0,2026-02-24,buis,0.0,lin,,,,,,,,
6,42.0,21.0,0.0,0.0,10.0,5.0,46.0,32.0,78.0,13.0,10.0,22.0,295,41.0,0,0,0,0.13898305084745763,2026-02-25,buis,41.0,lin,,,,,,,,
2,17.0,13.0,0.0,0.0,6.0,5.0,22.0,11.0,33.0,10.0,7.0,16.0,156,83.0,0,0,0,0.532051282051282,2026-02-26,buis,83.0,lin,,,,,,,,
3,12.0,9.0,0.0,0.0,4.0,3.0,10.0,9.0,19.0,5.0,5.0,10.0,42,1.0,0,0,0,0.023809523809523808,2026-02-27,buis,1.0,lin,,,,,,,,
0,14.0,6.0,0.0,0.0,4.0,4.0,10.0,16.0,26.0,3.0,5.0,8.0,40,1.0,0,0,0,0.025,2026-02-28,buis,1.0,lin,,,,,,,,
1,2.0,2.0,0.0,0.0,1.0,1.0,3.0,0.0,3.0,2.0,0.0,2.0,11,0.0,0,0,0,0.0,2026-03-01,buis,0.0,lin,,,,,,,,
1,15.0,13.0,0.0,0.0,6.0,6.0,9.0,23.0,32.0,6.0,8.0,14.0,32,1.0,0,0,0,0.03125,2026-03-02,buis,1.0,lin,,,,,,,,
1,22.0,14.0,0.0,0.0,4.0,3.0,28.0,10.0,38.0,10.0,5.0,14.0,73,2.0,0,0,0,0.0273972602739726,2026-03-03,buis,2.0,lin,,,,,,,,
2,32.0,21.0,0.0,0.0,13.0,8.0,31.0,35.0,66.0,16.0,9.0,23.0,104,8.0,0,0,0,0.07692307692307693,2026-03-04,buis,8.0,lin,,,,,,,,
3,9.0,7.0,0.0,0.0,6.0,4.0,22.0,11.0,33.0,5.0,6.0,11.0,21,0.0,0,0,0,0.0,2026-03-05,buis,0.0,lin,,,,,,,,
3,19.0,15.0,0.0,0.0,9.0,7.0,24.0,13.0,37.0,13.0,7.0,18.0,61,0.0,0,0,0,0.0,2026-03-06,buis,0.0,lin,,,,,,,,
1,11.0,7.0,0.0,0.0,6.0,5.0,14.0,5.0,19.0,6.0,2.0,8.0,43,0.0,0,0,0,0.0,2026-03-07,buis,0.0,lin,,,,,,,,
2,3.0,3.0,0.0,0.0,0.0,0.0,2.0,2.0,4.0,1.0,2.0,3.0,2,0.0,0,0,0,0.0,2026-03-08,buis,0.0,lin,,,,,,,,
0,17.0,12.0,0.0,0.0,6.0,4.0,21.0,8.0,29.0,10.0,3.0,13.0,31,9.0,1,0,0,0.3225806451612903,2026-03-09,buis,10.0,lin,,,,,,,,
5,16.0,10.0,0.0,0.0,10.0,6.0,25.0,12.0,37.0,8.0,4.0,12.0,56,0.0,0,0,0,0.0,2026-03-10,buis,0.0,lin,,,,,,,,
4,14.0,13.0,0.0,0.0,6.0,5.0,18.0,11.0,29.0,10.0,5.0,15.0,60,3.0,0,0,0,0.05,2026-03-11,buis,3.0,lin,,,,,,,,
1,35.0,19.0,0.0,0.0,4.0,4.0,36.0,8.0,44.0,15.0,6.0,20.0,62,0.0,0,0,0,0.0,2026-03-12,buis,0.0,lin,,,,,,,,
4,9.0,7.0,0.0,0.0,9.0,5.0,5.0,17.0,22.0,3.0,5.0,8.0,51,0.0,0,0,0,0.0,2026-03-13,buis,0.0,lin,,,,,,,,
0,8.0,4.0,0.0,0.0,1.0,1.0,1.0,9.0,10.0,1.0,3.0,4.0,24,1.0,0,0,0,0.041666666666666664,2026-03-14,buis,1.0,lin,,,,,,,,
1,1.0,1.0,0.0,0.0,0.0,0.0,0.0,2.0,2.0,0.0,2.0,2.0,4,0.0,0,0,0,0.0,2026-03-15,buis,0.0,lin,,,,,,,,
1,13.0,10.0,0.0,0.0,2.0,2.0,12.0,8.0,20.0,6.0,4.0,10.0,18,0.0,0,0,0,0.0,2026-03-16,buis,0.0,lin,,,,,,,,
0,14.0,12.0,0.0,0.0,2.0,2.0,17.0,3.0,20.0,10.0,2.0,12.0,27,0.0,0,0,0,0.0,2026-03-17,buis,0.0,lin,,,,,,,,
4,17.0,12.0,0.0,0.0,5.0,4.0,37.0,8.0,45.0,8.0,5.0,13.0,27,3.0,0,0,0,0.1111111111111111,2026-03-18,buis,3.0,lin,,,,,,,,
0,9.0,6.0,0.0,0.0,2.0,2.0,13.0,4.0,17.0,5.0,1.0,6.0,50,0.0,0,0,0,0.0,2026-03-19,buis,0.0,lin,,,,,,,,
1,3.0,3.0,0.0,0.0,5.0,5.0,3.0,5.0,8.0,2.0,5.0,7.0,20,0.0,0,0,0,0.0,2026-03-20,buis,0.0,lin,,,,,,,,
0,14.0,8.0,0.0,0.0,5.0,4.0,3.0,25.0,28.0,2.0,6.0,8.0,28,5.0,0,0,0,0.17857142857142858,2026-03-21,buis,5.0,lin,,,,,,,,
0,2.0,1.0,0.0,0.0,0.0,0.0,2.0,0.0,2.0,1.0,0.0,1.0,14,0.0,0,0,0,0.0,2026-03-22,buis,0.0,lin,,,,,,,,
0,11.0,10.0,0.0,0.0,3.0,3.0,11.0,9.0,20.0,5.0,7.0,12.0,32,3.0,0,0,0,0.09375,2026-03-23,buis,3.0,lin,,,,,,,,
2,24.0,17.0,0.0,0.0,6.0,5.0,25.0,11.0,36.0,10.0,8.0,18.0,81,6.0,0,0,0,0.07407407407407407,2026-03-24,buis,6.0,lin,,,,,,,,
3,22.0,17.0,0.0,0.0,7.0,7.0,18.0,27.0,45.0,9.0,10.0,19.0,71,4.0,0,0,0,0.056338028169014086,2026-03-25,buis,4.0,lin,,,,,,,,
5,24.0,15.0,0.0,0.0,7.0,5.0,13.0,26.0,39.0,7.0,8.0,15.0,86,1.0,0,0,0,0.011627906976744186,2026-03-26,buis,1.0,lin,,,,,,,,
4,24.0,16.0,0.0,0.0,9.0,6.0,42.0,7.0,49.0,12.0,6.0,18.0,60,1.0,0,0,0,0.016666666666666666,2026-03-27,buis,1.0,lin,,,,,,,,
0,8.0,6.0,0.0,0.0,5.0,3.0,7.0,7.0,14.0,3.0,4.0,7.0,16,0.0,0,0,0,0.0,2026-03-28,buis,0.0,lin,,,,,,,,
1,7.0,5.0,0.0,0.0,1.0,1.0,8.0,5.0,13.0,2.0,3.0,5.0,26,0.0,0,0,0,0.0,2026-03-29,buis,0.0,lin,,,,,,,,
2,20.0,11.0,0.0,0.0,8.0,7.0,15.0,15.0,30.0,7.0,7.0,14.0,60,3.0,0,0,0,0.05,2026-03-30,buis,3.0,lin,,,,,,,,
8,24.0,19.0,0.0,0.0,11.0,9.0,6.0,40.0,46.0,5.0,14.0,19.0,47,0.0,0,0,0,0.0,2026-03-31,buis,0.0,lin,,,,,,,,
1,15.0,12.0,0.0,0.0,7.0,6.0,11.0,24.0,35.0,6.0,9.0,15.0,70,5.0,0,0,0,0.07142857142857142,2026-04-01,buis,5.0,lin,,,,,,,,
1,35.0,21.0,0.0,0.0,11.0,8.0,25.0,41.0,66.0,11.0,13.0,24.0,136,18.0,0,0,0,0.1323529411764706,2026-04-02,buis,18.0,lin,,,,,,,,
0,10.0,6.0,0.0,0.0,6.0,5.0,11.0,9.0,20.0,3.0,6.0,9.0,24,1.0,0,0,0,0.041666666666666664,2026-04-03,buis,1.0,lin,,,,,,,,
0,4.0,3.0,0.0,0.0,1.0,1.0,11.0,0.0,11.0,3.0,0.0,3.0,15,0.0,0,0,0,0.0,2026-04-04,buis,0.0,lin,,,,,,,,
6,12.0,8.0,0.0,0.0,3.0,2.0,4.0,18.0,22.0,2.0,7.0,9.0,12,2.0,0,0,0,0.16666666666666666,2025-04-05,buis,2.0,lin,,,,,,,,
2,5.0,3.0,0.0,0.0,1.0,1.0,5.0,2.0,7.0,2.0,2.0,4.0,30,5.0,0,0,0,0.16666666666666666,2025-04-06,buis,5.0,lin,,,,,,,,
4,17.0,12.0,0.0,0.0,2.0,1.0,7.0,18.0,25.0,6.0,7.0,13.0,73,2.0,0,0,0,0.0273972602739726,2025-04-07,buis,2.0,lin,,,,,,,,
5,27.0,18.0,0.0,0.0,6.0,4.0,27.0,24.0,51.0,11.0,11.0,22.0,83,1.0,1,0,0,0.024096385542168676,2025-04-08,buis,2.0,lin,,,,,,,,
2,26.0,16.0,0.0,0.0,6.0,6.0,30.0,18.0,48.0,12.0,7.0,19.0,42,5.0,0,0,0,0.11904761904761904,2025-04-09,buis,5.0,lin,,,,,,,,
1,25.0,16.0,0.0,0.0,12.0,7.0,20.0,31.0,51.0,9.0,12.0,21.0,60,4.0,0,0,0,0.06666666666666667,2025-04-10,buis,4.0,lin,,,,,,,,
7,24.0,12.0,0.0,0.0,18.0,10.0,35.0,29.0,64.0,9.0,7.0,16.0,103,9.0,5,1,0,0.14563106796116504,2025-04-11,buis,14.999999999999998,lin,,,,,,,,
0,7.0,5.0,0.0,0.0,2.0,2.0,3.0,13.0,16.0,2.0,6.0,8.0,129,1.0,5,0,0,0.046511627906976744,2025-04-12,buis,6.0,lin,,,,,,,,
2,5.0,4.0,0.0,0.0,0.0,0.0,3.0,4.0,7.0,2.0,2.0,4.0,65,5.0,2,0,0,0.1076923076923077,2025-04-13,buis,7.0,lin,,,,,,,,
1,16.0,11.0,0.0,0.0,4.0,3.0,21.0,11.0,32.0,9.0,4.0,13.0,57,3.0,4,1,0,0.14035087719298245,2025-04-14,buis,8.0,lin,,,,,,,,
5,30.0,19.0,0.0,0.0,13.0,6.0,24.0,40.0,64.0,11.0,13.0,24.0,109,3.0,1,0,0,0.03669724770642202,2025-04-15,buis,4.0,lin,,,,,,,,
2,26.0,12.0,0.0,0.0,5.0,4.0,17.0,25.0,42.0,6.0,8.0,13.0,95,2.0,4,0,0,0.06315789473684211,2025-04-16,buis,6.0,lin,,,,,,,,
2,20.0,13.0,0.0,0.0,4.0,4.0,6.0,23.0,29.0,5.0,8.0,13.0,68,1.0,0,0,0,0.014705882352941176,2025-04-17,buis,1.0,lin,,,,,,,,
2,6.0,4.0,0.0,0.0,2.0,2.0,8.0,4.0,12.0,4.0,2.0,6.0,120,5.0,2,0,0,0.058333333333333334,2025-04-18,buis,7.0,lin,,,,,,,,
2,2.0,2.0,0.0,0.0,2.0,1.0,0.0,4.0,4.0,0.0,2.0,2.0,67,1.0,1,0,0,0.029850746268656716,2025-04-19,buis,2.0,lin,,,,,,,,
0,3.0,2.0,0.0,0.0,0.0,0.0,5.0,0.0,5.0,2.0,0.0,2.0,14,0.0,0,0,0,0.0,2025-04-20,buis,0.0,lin,,,,,,,,
4,13.0,10.0,0.0,0.0,2.0,2.0,12.0,8.0,20.0,6.0,5.0,11.0,109,5.0,2,0,0,0.06422018348623854,2025-04-21,buis,7.0,lin,,,,,,,,
9,34.0,25.0,0.0,0.0,14.0,10.0,23.0,39.0,62.0,11.0,18.0,29.0,155,4.0,3,0,0,0.04516129032258064,2025-04-22,buis,7.0,lin,,,,,,,,
10,49.0,25.0,0.0,0.0,21.0,16.0,45.0,40.0,85.0,15.0,15.0,29.0,272,18.0,1,0,0,0.06985294117647059,2025-04-23,buis,19.0,lin,,,,,,,,
4,37.0,22.0,0.0,0.0,17.0,14.0,41.0,30.0,71.0,15.0,14.0,29.0,146,9.0,2,0,0,0.07534246575342465,2025-04-24,buis,11.0,lin,,,,,,,,
7,30.0,17.0,0.0,0.0,11.0,8.0,17.0,30.0,47.0,5.0,15.0,20.0,144,4.0,4,0,0,0.05555555555555555,2025-04-25,buis,8.0,lin,,,,,,,,
2,20.0,13.0,0.0,0.0,7.0,7.0,5.0,27.0,32.0,3.0,13.0,16.0,130,4.0,3,0,0,0.05384615384615385,2025-04-26,buis,7.0,lin,,,,,,,,
2,5.0,5.0,0.0,0.0,2.0,2.0,2.0,6.0,8.0,2.0,5.0,7.0,53,0.0,0,0,0,0.0,2025-04-27,buis,0.0,lin,,,,,,,,
4,28.0,20.0,0.0,0.0,14.0,11.0,21.0,50.0,71.0,10.0,15.0,25.0,272,8.0,8,0,0,0.058823529411764705,2025-04-28,buis,16.0,lin,,,,,,,,
3,51.0,30.0,0.0,0.0,18.0,13.0,40.0,58.0,98.0,15.0,17.0,31.0,341,13.0,9,0,0,0.06451612903225806,2025-04-29,buis,22.0,lin,,,,,,,,
1,48.0,26.0,0.0,0.0,14.0,9.0,67.0,14.0,81.0,19.0,9.0,28.0,211,13.0,2,0,0,0.07109004739336493,2025-04-30,buis,15.0,lin,,,,,,,,
2,14.0,11.0,0.0,0.0,8.0,7.0,18.0,7.0,25.0,9.0,5.0,14.0,130,5.0,0,0,0,0.038461538461538464,2025-05-01,buis,5.0,lin,,,,,,,,
1,22.0,12.0,0.0,0.0,7.0,6.0,34.0,9.0,43.0,9.0,4.0,13.0,153,11.0,0,0,0,0.0718954248366013,2025-05-02,buis,11.0,lin,,,,,,,,
1,20.0,6.0,0.0,0.0,7.0,5.0,3.0,30.0,33.0,1.0,5.0,6.0,47,2.0,0,0,0,0.0425531914893617,2025-05-03,buis,2.0,lin,,,,,,,,
1,9.0,5.0,0.0,0.0,8.0,6.0,2.0,22.0,24.0,1.0,7.0,8.0,32,1.0,0,0,0,0.03125,2025-05-04,buis,1.0,lin,,,,,,,,
5,29.0,19.0,0.0,0.0,20.0,13.0,39.0,30.0,69.0,15.0,10.0,25.0,214,2.0,0,0,0,0.009345794392523364,2025-05-05,buis,1.9999999999999998,lin,,,,,,,,
5,34.0,23.0,0.0,0.0,12.0,10.0,28.0,39.0,67.0,12.0,18.0,30.0,175,12.0,1,0,0,0.07428571428571429,2025-05-06,buis,13.0,lin,,,,,,,,
5,43.0,28.0,0.0,0.0,14.0,12.0,40.0,37.0,77.0,15.0,14.0,29.0,244,4.0,0,0,0,0.01639344262295082,2025-05-07,buis,4.0,lin,,,,,,,,
3,54.0,32.0,0.0,0.0,14.0,13.0,37.0,51.0,88.0,16.0,20.0,36.0,196,8.0,2,0,0,0.05102040816326531,2025-05-08,buis,10.0,lin,,,,,,,,
1,30.0,21.0,0.0,0.0,14.0,12.0,43.0,33.0,76.0,13.0,12.0,25.0,139,28.0,0,0,0,0.2014388489208633,2025-05-09,buis,28.0,lin,,,,,,,,
1,15.0,10.0,0.0,0.0,7.0,5.0,8.0,20.0,28.0,3.0,9.0,11.0,118,41.0,0,0,0,0.3474576271186441,2025-05-10,buis,41.0,lin,,,,,,,,
1,10.0,8.0,0.0,0.0,1.0,1.0,6.0,9.0,15.0,2.0,6.0,8.0,52,21.0,0,0,0,0.40384615384615385,2025-05-11,buis,21.0,lin,,,,,,,,
2,17.0,13.0,0.0,0.0,8.0,8.0,20.0,23.0,43.0,9.0,7.0,16.0,108,2.0,0,0,0,0.018518518518518517,2025-05-12,buis,2.0,lin,,,,,,,,
1,26.0,17.0,0.0,0.0,8.0,8.0,32.0,17.0,49.0,10.0,8.0,18.0,119,3.0,1,0,0,0.03361344537815126,2025-05-13,buis,4.0,lin,,,,,,,,
2,25.0,18.0,0.0,0.0,11.0,6.0,18.0,40.0,58.0,9.0,10.0,19.0,98,1.0,0,0,0,0.01020408163265306,2025-05-14,buis,0.9999999999999999,lin,,,,,,,,
7,40.0,25.0,0.0,0.0,18.0,11.0,44.0,40.0,84.0,14.0,15.0,29.0,181,9.0,0,0,0,0.049723756906077346,2025-05-15,buis,9.0,lin,,,,,,,,
11,50.0,26.0,0.0,0.0,23.0,13.0,48.0,46.0,94.0,15.0,16.0,31.0,217,1.0,1,0,0,0.009216589861751152,2025-05-16,buis,2.0,lin,,,,,,,,
3,16.0,12.0,0.0,0.0,3.0,3.0,6.0,24.0,30.0,3.0,10.0,13.0,73,0.0,0,0,0,0.0,2025-05-17,buis,0.0,lin,,,,,,,,
1,16.0,9.0,0.0,0.0,8.0,5.0,15.0,13.0,28.0,5.0,6.0,11.0,45,0.0,0,0,0,0.0,2025-05-18,buis,0.0,lin,,,,,,,,
7,23.0,17.0,0.0,0.0,8.0,7.0,18.0,26.0,44.0,8.0,11.0,19.0,83,5.0,0,0,0,0.060240963855421686,2025-05-19,buis,5.0,lin,,,,,,,,
4,23.0,16.0,0.0,0.0,6.0,6.0,27.0,19.0,46.0,8.0,11.0,19.0,70,1.0,0,0,0,0.014285714285714285,2025-05-20,buis,1.0,lin,,,,,,,,
4,26.0,17.0,0.0,0.0,9.0,6.0,38.0,6.0,44.0,15.0,5.0,20.0,69,2.0,0,0,0,0.028985507246376812,2025-05-21,buis,2.0,lin,,,,,,,,
6,30.0,20.0,0.0,0.0,9.0,7.0,44.0,19.0,63.0,12.0,11.0,22.0,57,1.0,0,0,0,0.017543859649122806,2025-05-22,buis,1.0,lin,,,,,,,,
0,31.0,19.0,0.0,0.0,8.0,8.0,29.0,23.0,52.0,13.0,8.0,21.0,141,2.0,0,0,0,0.014184397163120567,2025-05-23,buis,2.0,lin,,,,,,,,
1,4.0,3.0,0.0,0.0,0.0,0.0,3.0,3.0,6.0,2.0,2.0,4.0,16,0.0,0,0,0,0.0,2025-05-24,buis,0.0,lin,,,,,,,,
0,2.0,1.0,0.0,0.0,1.0,1.0,0.0,3.0,3.0,0.0,2.0,2.0,6,0.0,0,0,0,0.0,2025-05-25,buis,0.0,lin,,,,,,,,
6,13.0,10.0,0.0,0.0,6.0,5.0,14.0,20.0,34.0,7.0,5.0,12.0,38,0.0,0,0,0,0.0,2025-05-26,buis,0.0,lin,,,,,,,,
14,35.0,22.0,0.0,0.0,11.0,9.0,37.0,22.0,59.0,11.0,13.0,24.0,91,0.0,0,0,0,0.0,2025-05-27,buis,0.0,lin,,,,,,,,
10,20.0,16.0,0.0,0.0,10.0,7.0,33.0,15.0,48.0,12.0,9.0,21.0,34,0.0,1,0,0,0.029411764705882353,2025-05-28,buis,1.0,lin,,,,,,,,
3,11.0,10.0,0.0,0.0,2.0,2.0,13.0,3.0,16.0,9.0,3.0,12.0,35,1.0,0,0,0,0.02857142857142857,2025-05-29,buis,1.0,lin,,,,,,,,
1,12.0,8.0,0.0,0.0,7.0,5.0,15.0,11.0,26.0,7.0,4.0,11.0,79,0.0,0,0,0,0.0,2025-05-30,buis,0.0,lin,,,,,,,,
1,5.0,3.0,0.0,0.0,0.0,0.0,1.0,5.0,6.0,1.0,3.0,4.0,4,1.0,0,0,0,0.25,2025-05-31,buis,1.0,lin,,,,,,,,
0,1.0,1.0,0.0,0.0,2.0,1.0,1.0,2.0,3.0,1.0,1.0,2.0,9,0.0,0,0,0,0.0,2025-06-01,buis,0.0,lin,,,,,,,,
3,28.0,18.0,0.0,0.0,9.0,8.0,38.0,14.0,52.0,12.0,6.0,18.0,86,4.0,0,0,0,0.046511627906976744,2025-06-02,buis,4.0,lin,,,,,,,,
1,36.0,13.0,0.0,0.0,10.0,5.0,29.0,36.0,65.0,10.0,6.0,15.0,67,2.0,0,0,0,0.029850746268656716,2025-06-03,buis,2.0,lin,,,,,,,,
1,13.0,6.0,0.0,0.0,5.0,4.0,14.0,7.0,21.0,4.0,3.0,7.0,29,0.0,0,0,0,0.0,2025-06-04,buis,0.0,lin,,,,,,,,
2,16.0,13.0,0.0,0.0,5.0,4.0,12.0,26.0,38.0,7.0,9.0,16.0,39,3.0,0,0,0,0.07692307692307693,2025-06-05,buis,3.0,lin,,,,,,,,
3,27.0,15.0,0.0,0.0,5.0,5.0,21.0,25.0,46.0,9.0,8.0,17.0,132,7.0,0,0,0,0.05303030303030303,2025-06-06,buis,7.0,lin,,,,,,,,
1,9.0,5.0,0.0,0.0,1.0,1.0,3.0,14.0,17.0,2.0,4.0,6.0,34,3.0,0,0,0,0.08823529411764706,2025-06-07,buis,3.0,lin,,,,,,,,
1,3.0,3.0,0.0,0.0,0.0,0.0,2.0,1.0,3.0,2.0,1.0,3.0,4,0.0,0,0,0,0.0,2025-06-08,buis,0.0,lin,,,,,,,,
2,24.0,16.0,0.0,0.0,7.0,5.0,28.0,18.0,46.0,9.0,7.0,16.0,57,1.0,0,0,0,0.017543859649122806,2025-06-09,buis,1.0,lin,,,,,,,,
3,33.0,15.0,0.0,0.0,12.0,8.0,32.0,32.0,64.0,10.0,7.0,17.0,87,6.0,0,0,0,0.06896551724137931,2025-06-10,buis,6.0,lin,,,,,,,,
2,40.0,22.0,0.0,0.0,11.0,6.0,27.0,43.0,70.0,14.0,10.0,24.0,48,0.0,0,0,0,0.0,2025-06-11,buis,0.0,lin,,,,,,,,
1,42.0,19.0,0.0,0.0,14.0,9.0,36.0,43.0,79.0,12.0,10.0,21.0,183,4.0,0,0,0,0.02185792349726776,2025-06-12,buis,4.0,lin,,,,,,,,
0,13.0,9.0,0.0,0.0,0.0,0.0,9.0,6.0,15.0,5.0,4.0,9.0,49,3.0,0,0,1,0.08163265306122448,2025-06-13,buis,3.9999999999999996,lin,,,,,,,,
0,4.0,2.0,0.0,0.0,1.0,1.0,8.0,3.0,11.0,2.0,2.0,4.0,16,0.0,0,0,0,0.0,2025-06-14,buis,0.0,lin,,,,,,,,
3,1.0,1.0,0.0,0.0,0.0,0.0,1.0,0.0,1.0,1.0,0.0,1.0,8,0.0,0,0,0,0.0,2025-06-15,buis,0.0,lin,,,,,,,,
6,52.0,32.0,0.0,0.0,3.0,3.0,48.0,29.0,77.0,24.0,9.0,32.0,118,5.0,0,0,0,0.0423728813559322,2025-06-16,buis,5.0,lin,,,,,,,,
7,27.0,16.0,0.0,0.0,10.0,9.0,38.0,22.0,60.0,13.0,7.0,20.0,112,1.0,0,0,0,0.008928571428571428,2025-06-17,buis,1.0,lin,,,,,,,,
4,23.0,17.0,0.0,0.0,3.0,3.0,18.0,15.0,33.0,11.0,6.0,17.0,78,0.0,0,0,0,0.0,2025-06-18,buis,0.0,lin,,,,,,,,
4,32.0,18.0,0.0,0.0,7.0,7.0,25.0,23.0,48.0,10.0,11.0,21.0,68,2.0,0,0,0,0.029411764705882353,2025-06-19,buis,2.0,lin,,,,,,,,
4,42.0,26.0,0.0,0.0,15.0,10.0,57.0,22.0,79.0,20.0,6.0,26.0,74,1.0,0,0,0,0.013513513513513514,2025-06-20,buis,1.0,lin,,,,,,,,
0,22.0,3.0,0.0,0.0,6.0,2.0,26.0,5.0,31.0,2.0,1.0,3.0,77,1.0,0,0,0,0.012987012987012988,2025-06-21,buis,1.0,lin,,,,,,,,
0,1.0,1.0,0.0,0.0,2.0,2.0,1.0,2.0,3.0,1.0,2.0,3.0,2,0.0,0,0,0,0.0,2025-06-22,buis,0.0,lin,,,,,,,,
4,50.0,26.0,0.0,0.0,17.0,10.0,42.0,44.0,86.0,16.0,12.0,28.0,170,9.0,0,0,0,0.052941176470588235,2025-06-23,buis,9.0,lin,,,,,,,,
5,42.0,19.0,0.0,0.0,23.0,13.0,25.0,61.0,86.0,9.0,16.0,24.0,75,1.0,2,0,0,0.04,2025-06-24,buis,3.0,lin,,,,,,,,
1,44.0,30.0,0.0,0.0,16.0,14.0,38.0,42.0,80.0,19.0,13.0,32.0,106,2.0,0,0,0,0.018867924528301886,2025-06-25,buis,2.0,lin,,,,,,,,
2,8.0,8.0,0.0,0.0,2.0,2.0,6.0,5.0,11.0,5.0,4.0,9.0,11,0.0,0,0,0,0.0,2025-06-26,buis,0.0,lin,,,,,,,,
5,19.0,14.0,0.0,0.0,6.0,6.0,25.0,14.0,39.0,11.0,5.0,16.0,129,3.0,0,0,0,0.023255813953488372,2025-06-27,buis,3.0,lin,,,,,,,,
0,2.0,1.0,0.0,0.0,1.0,1.0,3.0,3.0,6.0,2.0,1.0,3.0,5,2.0,0,0,0,0.4,2025-06-28,buis,2.0,lin,,,,,,,,
3,1.0,1.0,0.0,0.0,1.0,1.0,0.0,9.0,9.0,0.0,4.0,4.0,1,0.0,0,0,0,0.0,2025-06-29,buis,0.0,lin,,,,,,,,
2,16.0,7.0,0.0,0.0,6.0,4.0,7.0,26.0,33.0,4.0,5.0,9.0,56,2.0,1,0,0,0.05357142857142857,2025-06-30,buis,3.0,lin,,,,,,,,
22,11.0,6.0,0.0,0.0,6.0,4.0,8.0,15.0,23.0,2.0,6.0,8.0,51,2.0,0,0,0,0.0392156862745098,2025-07-01,buis,2.0,lin,,,,,,,,
8,37.0,24.0,0.0,0.0,17.0,14.0,39.0,29.0,68.0,17.0,11.0,28.0,73,0.0,0,0,0,0.0,2025-07-02,buis,0.0,lin,,,,,,,,
3,29.0,19.0,0.0,0.0,10.0,9.0,20.0,37.0,57.0,8.0,14.0,22.0,218,7.0,3,0,1,0.05045871559633028,2025-07-03,buis,11.0,lin,,,,,,,,
8,32.0,20.0,0.0,0.0,6.0,5.0,32.0,24.0,56.0,11.0,11.0,22.0,249,5.0,1,0,0,0.024096385542168676,2025-07-04,buis,6.0,lin,,,,,,,,
0,6.0,4.0,0.0,0.0,4.0,4.0,2.0,10.0,12.0,2.0,5.0,7.0,66,3.0,1,0,0,0.06060606060606061,2025-07-05,buis,4.0,lin,,,,,,,,
1,2.0,2.0,0.0,0.0,1.0,1.0,2.0,1.0,3.0,1.0,1.0,2.0,32,1.0,1,0,0,0.0625,2025-07-06,buis,2.0,lin,,,,,,,,
5,22.0,18.0,0.0,0.0,13.0,10.0,17.0,29.0,46.0,10.0,14.0,24.0,84,2.0,0,0,0,0.023809523809523808,2025-07-07,buis,2.0,lin,,,,,,,,
9,42.0,25.0,0.0,0.0,17.0,13.0,23.0,52.0,75.0,10.0,17.0,27.0,126,3.0,0,0,0,0.023809523809523808,2025-07-08,buis,3.0,lin,,,,,,,,
2,31.0,21.0,0.0,0.0,9.0,8.0,25.0,30.0,55.0,12.0,11.0,23.0,139,2.0,1,0,0,0.02158273381294964,2025-07-09,buis,3.0,lin,,,,,,,,
0,32.0,16.0,0.0,0.0,11.0,11.0,25.0,31.0,56.0,7.0,16.0,23.0,129,0.0,0,0,0,0.0,2025-07-10,buis,0.0,lin,,,,,,,,
0,24.0,15.0,0.0,0.0,9.0,7.0,18.0,28.0,46.0,7.0,12.0,18.0,104,1.0,0,0,0,0.009615384615384616,2025-07-11,buis,1.0,lin,,,,,,,,
2,27.0,9.0,0.0,0.0,5.0,5.0,2.0,47.0,49.0,1.0,10.0,11.0,46,0.0,0,0,0,0.0,2025-07-12,buis,0.0,lin,,,,,,,,
0,4.0,3.0,0.0,0.0,1.0,1.0,4.0,3.0,7.0,1.0,2.0,3.0,37,1.0,0,0,0,0.02702702702702703,2025-07-13,buis,1.0,lin,,,,,,,,
5,25.0,19.0,0.0,0.0,11.0,9.0,15.0,35.0,50.0,9.0,12.0,21.0,39,0.0,0,0,0,0.0,2025-07-14,buis,0.0,lin,,,,,,,,
7,28.0,17.0,0.0,0.0,11.0,9.0,18.0,26.0,44.0,10.0,11.0,21.0,139,0.0,0,0,0,0.0,2025-07-15,buis,0.0,lin,,,,,,,,
2,60.0,39.0,0.0,0.0,19.0,15.0,47.0,54.0,101.0,25.0,21.0,46.0,194,2.0,0,0,0,0.010309278350515464,2025-07-16,buis,2.0,lin,,,,,,,,
5,48.0,31.0,0.0,0.0,16.0,15.0,44.0,42.0,86.0,15.0,18.0,33.0,132,2.0,0,0,0,0.015151515151515152,2025-07-17,buis,2.0,lin,,,,,,,,
8,29.0,20.0,0.0,0.0,13.0,9.0,20.0,36.0,56.0,9.0,16.0,24.0,82,1.0,0,0,0,0.012195121951219513,2025-07-18,buis,1.0,lin,,,,,,,,
7,5.0,4.0,0.0,0.0,5.0,4.0,5.0,9.0,14.0,2.0,3.0,5.0,19,1.0,0,0,0,0.05263157894736842,2025-07-19,buis,1.0,lin,,,,,,,,
2,6.0,3.0,0.0,0.0,4.0,2.0,4.0,7.0,11.0,2.0,2.0,4.0,21,0.0,0,0,0,0.0,2025-07-20,buis,0.0,lin,,,,,,,,
10,62.0,30.0,0.0,0.0,20.0,9.0,52.0,51.0,103.0,17.0,15.0,32.0,111,11.0,0,0,0,0.0990990990990991,2025-07-21,buis,11.0,lin,,,,,,,,
5,41.0,22.0,0.0,0.0,9.0,7.0,35.0,30.0,65.0,17.0,10.0,26.0,144,1.0,1,0,0,0.013888888888888888,2025-07-22,buis,2.0,lin,,,,,,,,
5,35.0,20.0,0.0,0.0,13.0,11.0,41.0,19.0,60.0,15.0,8.0,23.0,143,1.0,0,0,0,0.006993006993006993,2025-07-23,buis,1.0,lin,,,,,,,,
1,38.0,28.0,0.0,0.0,17.0,15.0,32.0,57.0,89.0,15.0,21.0,36.0,321,21.0,6,0,0,0.08411214953271028,2025-07-24,buis,27.0,lin,,,,,,,,
6,23.0,17.0,0.0,0.0,12.0,6.0,15.0,35.0,50.0,8.0,13.0,19.0,180,10.0,1,0,0,0.06111111111111111,2025-07-25,buis,11.0,lin,,,,,,,,
3,8.0,7.0,0.0,0.0,3.0,2.0,5.0,8.0,13.0,3.0,6.0,9.0,83,3.0,1,0,0,0.04819277108433735,2025-07-26,buis,4.0,lin,,,,,,,,
0,9.0,6.0,0.0,0.0,2.0,2.0,11.0,9.0,20.0,4.0,4.0,8.0,52,1.0,0,0,0,0.019230769230769232,2025-07-27,buis,1.0,lin,,,,,,,,
6,33.0,23.0,0.0,0.0,10.0,7.0,40.0,27.0,67.0,15.0,15.0,29.0,211,1.0,1,0,0,0.009478672985781991,2025-07-28,buis,2.0,lin,,,,,,,,
2,62.0,32.0,0.0,0.0,21.0,13.0,88.0,33.0,121.0,23.0,14.0,36.0,202,2.0,0,0,0,0.009900990099009901,2025-07-29,buis,2.0,lin,,,,,,,,
2,22.0,18.0,0.0,0.0,8.0,8.0,33.0,13.0,46.0,14.0,7.0,21.0,73,0.0,0,0,0,0.0,2025-07-30,buis,0.0,lin,,,,,,,,
20,36.0,22.0,0.0,0.0,16.0,10.0,41.0,32.0,73.0,11.0,15.0,25.0,117,4.0,3,0,0,0.05982905982905983,2025-07-31,buis,7.0,lin,,,,,,,,
36,27.0,19.0,0.0,0.0,12.0,9.0,20.0,30.0,50.0,9.0,14.0,23.0,115,1.0,0,0,0,0.008695652173913044,2025-08-01,buis,1.0,lin,,,,,,,,
3,13.0,10.0,0.0,0.0,8.0,7.0,3.0,25.0,28.0,2.0,14.0,16.0,84,2.0,0,0,0,0.023809523809523808,2025-08-02,buis,2.0,lin,,,,,,,,
1,5.0,5.0,0.0,0.0,1.0,1.0,5.0,3.0,8.0,3.0,2.0,5.0,17,0.0,0,0,0,0.0,2025-08-03,buis,0.0,lin,,,,,,,,
12,71.0,53.0,0.0,0.0,34.0,22.0,55.0,83.0,138.0,29.0,34.0,63.0,109,1.0,0,0,0,0.009174311926605505,2025-08-04,buis,1.0,lin,,,,,,,,
8,82.0,56.0,0.0,0.0,33.0,25.0,70.0,84.0,154.0,29.0,37.0,66.0,152,3.0,0,0,0,0.019736842105263157,2025-08-05,buis,3.0,lin,,,,,,,,
4,57.0,38.0,0.0,0.0,29.0,17.0,52.0,69.0,121.0,23.0,26.0,49.0,102,4.0,0,0,0,0.0392156862745098,2025-08-06,buis,4.0,lin,,,,,,,,
10,56.0,39.0,0.0,0.0,25.0,17.0,55.0,61.0,116.0,23.0,22.0,45.0,89,1.0,0,0,0,0.011235955056179775,2025-08-07,buis,1.0,lin,,,,,,,,
9,53.0,38.0,0.0,0.0,24.0,20.0,48.0,48.0,96.0,22.0,19.0,41.0,25,0.0,0,0,0,0.0,2025-08-08,buis,0.0,lin,,,,,,,,
1,6.0,5.0,0.0,0.0,9.0,5.0,4.0,19.0,23.0,2.0,7.0,9.0,29,0.0,0,0,0,0.0,2025-08-09,buis,0.0,lin,,,,,,,,
0,10.0,8.0,0.0,0.0,4.0,2.0,2.0,21.0,23.0,2.0,7.0,9.0,21,0.0,0,0,0,0.0,2025-08-10,buis,0.0,lin,,,,,,,,
8,54.0,36.0,0.0,0.0,22.0,15.0,42.0,56.0,98.0,20.0,23.0,43.0,198,2.0,0,0,0,0.010101010101010102,2025-08-11,buis,2.0,lin,,,,,,,,
17,66.0,44.0,0.0,0.0,17.0,12.0,51.0,64.0,115.0,21.0,28.0,49.0,211,7.0,0,0,0,0.03317535545023697,2025-08-12,buis,7.000000000000001,lin,,,,,,,,
8,46.0,27.0,0.0,0.0,15.0,12.0,29.0,48.0,77.0,12.0,17.0,29.0,89,2.0,0,0,0,0.02247191011235955,2025-08-13,buis,2.0,lin,,,,,,,,
1,33.0,24.0,0.0,0.0,7.0,7.0,28.0,38.0,66.0,12.0,15.0,27.0,137,6.0,0,2,0,0.058394160583941604,2025-08-14,buis,8.0,lin,,,,,,,,
0,33.0,15.0,0.0,0.0,6.0,6.0,32.0,16.0,48.0,8.0,8.0,16.0,107,4.0,0,0,0,0.037383177570093455,2025-08-15,buis,3.9999999999999996,lin,,,,,,,,
0,2.0,2.0,0.0,0.0,1.0,1.0,2.0,4.0,6.0,1.0,2.0,3.0,3,0.0,0,0,0,0.0,2025-08-16,buis,0.0,lin,,,,,,,,
1,2.0,2.0,0.0,0.0,1.0,1.0,0.0,4.0,4.0,0.0,3.0,3.0,19,4.0,0,0,0,0.21052631578947367,2025-08-17,buis,4.0,lin,,,,,,,,
0,41.0,23.0,0.0,0.0,19.0,14.0,32.0,40.0,72.0,12.0,14.0,25.0,107,3.0,0,0,0,0.028037383177570093,2025-08-18,buis,3.0,lin,,,,,,,,
5,37.0,23.0,0.0,0.0,22.0,18.0,18.0,61.0,79.0,9.0,22.0,31.0,91,0.0,0,0,0,0.0,2025-08-19,buis,0.0,lin,,,,,,,,
4,34.0,24.0,0.0,0.0,16.0,8.0,35.0,23.0,58.0,18.0,9.0,26.0,111,3.0,1,0,0,0.036036036036036036,2025-08-20,buis,4.0,lin,,,,,,,,
12,33.0,29.0,0.0,0.0,16.0,13.0,22.0,34.0,56.0,14.0,19.0,33.0,67,0.0,0,0,0,0.0,2025-08-21,buis,0.0,lin,,,,,,,,
5,21.0,13.0,0.0,0.0,19.0,9.0,24.0,43.0,67.0,7.0,10.0,17.0,90,4.0,0,0,0,0.044444444444444446,2025-08-22,buis,4.0,lin,,,,,,,,
1,8.0,5.0,0.0,0.0,8.0,3.0,1.0,15.0,16.0,1.0,5.0,6.0,13,1.0,0,0,0,0.07692307692307693,2025-08-23,buis,1.0,lin,,,,,,,,
0,6.0,5.0,0.0,0.0,2.0,2.0,1.0,7.0,8.0,1.0,4.0,5.0,6,0.0,0,0,0,0.0,2025-08-24,buis,0.0,lin,,,,,,,,
6,30.0,25.0,0.0,0.0,18.0,11.0,22.0,39.0,61.0,15.0,11.0,26.0,90,1.0,0,0,0,0.011111111111111112,2025-08-25,buis,1.0,lin,,,,,,,,
3,34.0,19.0,0.0,0.0,15.0,12.0,32.0,36.0,68.0,11.0,14.0,25.0,64,1.0,0,0,0,0.015625,2025-08-26,buis,1.0,lin,,,,,,,,
7,28.0,19.0,0.0,0.0,13.0,11.0,22.0,30.0,52.0,11.0,11.0,22.0,68,5.0,0,0,0,0.07352941176470588,2025-08-27,buis,5.0,lin,,,,,,,,
2,29.0,23.0,0.0,0.0,17.0,12.0,23.0,37.0,60.0,13.0,14.0,27.0,53,1.0,0,0,0,0.018867924528301886,2025-08-28,buis,1.0,lin,,,,,,,,
3,29.0,16.0,0.0,0.0,16.0,9.0,33.0,39.0,72.0,11.0,12.0,22.0,58,0.0,0,0,0,0.0,2025-08-29,buis,0.0,lin,,,,,,,,
0,16.0,10.0,0.0,0.0,7.0,5.0,1.0,30.0,31.0,1.0,9.0,10.0,21,0.0,0,0,0,0.0,2025-08-30,buis,0.0,lin,,,,,,,,
0,6.0,2.0,0.0,0.0,6.0,2.0,0.0,14.0,14.0,0.0,3.0,3.0,16,0.0,0,0,0,0.0,2025-08-31,buis,0.0,lin,,,,,,,,
1,28.0,21.0,0.0,0.0,12.0,10.0,24.0,28.0,52.0,11.0,12.0,23.0,81,1.0,0,0,0,0.012345679012345678,2025-09-01,buis,1.0,lin,,,,,,,,
4,37.0,21.0,0.0,0.0,15.0,10.0,38.0,29.0,67.0,15.0,10.0,25.0,87,4.0,0,0,0,0.04597701149425287,2025-09-02,buis,4.0,lin,,,,,,,,
5,17.0,14.0,0.0,0.0,7.0,4.0,13.0,21.0,34.0,7.0,9.0,16.0,88,2.0,0,0,0,0.022727272727272728,2025-09-03,buis,2.0,lin,,,,,,,,
3,21.0,10.0,0.0,0.0,9.0,7.0,11.0,28.0,39.0,4.0,9.0,13.0,74,2.0,0,0,0,0.02702702702702703,2025-09-04,buis,2.0,lin,,,,,,,,
1,15.0,12.0,0.0,0.0,11.0,7.0,12.0,18.0,30.0,6.0,7.0,13.0,61,0.0,0,0,0,0.0,2025-09-05,buis,0.0,lin,,,,,,,,
1,3.0,2.0,0.0,0.0,1.0,1.0,3.0,1.0,4.0,1.0,1.0,2.0,16,0.0,0,0,0,0.0,2025-09-06,buis,0.0,lin,,,,,,,,
0,1.0,1.0,0.0,0.0,2.0,2.0,1.0,3.0,4.0,1.0,2.0,3.0,2,0.0,0,0,0,0.0,2025-09-07,buis,0.0,lin,,,,,,,,
0,22.0,14.0,0.0,0.0,10.0,7.0,23.0,29.0,52.0,9.0,7.0,16.0,40,0.0,0,0,0,0.0,2025-09-08,buis,0.0,lin,,,,,,,,
1,20.0,12.0,0.0,0.0,7.0,4.0,18.0,16.0,34.0,8.0,7.0,15.0,52,1.0,0,0,0,0.019230769230769232,2025-09-09,buis,1.0,lin,,,,,,,,
1,12.0,8.0,0.0,0.0,0.0,0.0,17.0,5.0,22.0,6.0,2.0,8.0,17,0.0,0,0,0,0.0,2025-09-10,buis,0.0,lin,,,,,,,,
2,22.0,13.0,0.0,0.0,8.0,6.0,17.0,17.0,34.0,7.0,6.0,13.0,75,5.0,0,0,0,0.06666666666666667,2025-09-11,buis,5.0,lin,,,,,,,,
1,9.0,7.0,0.0,0.0,14.0,5.0,6.0,40.0,46.0,3.0,5.0,8.0,50,0.0,0,0,0,0.0,2025-09-12,buis,0.0,lin,,,,,,,,
0,3.0,2.0,0.0,0.0,1.0,1.0,9.0,0.0,9.0,2.0,0.0,2.0,23,0.0,0,0,0,0.0,2025-09-13,buis,0.0,lin,,,,,,,,
0,6.0,5.0,0.0,0.0,1.0,1.0,5.0,6.0,11.0,3.0,2.0,5.0,10,0.0,0,0,0,0.0,2025-09-14,buis,0.0,lin,,,,,,,,
1,8.0,7.0,0.0,0.0,3.0,3.0,10.0,8.0,18.0,5.0,4.0,9.0,19,1.0,0,0,0,0.05263157894736842,2025-09-15,buis,1.0,lin,,,,,,,,
0,13.0,10.0,0.0,0.0,6.0,6.0,9.0,14.0,23.0,5.0,7.0,12.0,32,2.0,0,0,0,0.0625,2025-09-16,buis,2.0,lin,,,,,,,,
1,20.0,15.0,0.0,0.0,11.0,10.0,19.0,22.0,41.0,9.0,8.0,17.0,48,1.0,0,0,0,0.020833333333333332,2025-09-17,buis,1.0,lin,,,,,,,,
3,21.0,13.0,0.0,0.0,7.0,5.0,17.0,21.0,38.0,7.0,8.0,15.0,71,1.0,0,0,0,0.014084507042253521,2025-09-18,buis,1.0,lin,,,,,,,,
1,20.0,13.0,0.0,0.0,8.0,7.0,26.0,16.0,42.0,10.0,7.0,16.0,64,0.0,0,0,0,0.0,2025-09-19,buis,0.0,lin,,,,,,,,
2,10.0,6.0,0.0,0.0,4.0,4.0,4.0,12.0,16.0,2.0,4.0,6.0,32,1.0,0,0,0,0.03125,2025-09-20,buis,1.0,lin,,,,,,,,
1,3.0,3.0,0.0,0.0,3.0,3.0,5.0,5.0,10.0,3.0,2.0,5.0,19,0.0,0,0,0,0.0,2025-09-21,buis,0.0,lin,,,,,,,,
3,34.0,16.0,0.0,0.0,5.0,4.0,31.0,16.0,47.0,13.0,6.0,19.0,137,2.0,0,0,0,0.014598540145985401,2025-09-22,buis,2.0,lin,,,,,,,,
0,25.0,19.0,0.0,0.0,6.0,4.0,19.0,20.0,39.0,10.0,11.0,21.0,60,2.0,0,0,0,0.03333333333333333,2025-09-23,buis,2.0,lin,,,,,,,,
4,31.0,20.0,0.0,0.0,12.0,8.0,28.0,30.0,58.0,12.0,11.0,22.0,91,1.0,0,0,0,0.01098901098901099,2025-09-24,buis,1.0,lin,,,,,,,,
0,21.0,15.0,0.0,0.0,10.0,7.0,16.0,32.0,48.0,8.0,11.0,18.0,46,1.0,0,0,0,0.021739130434782608,2025-09-25,buis,1.0,lin,,,,,,,,
2,26.0,17.0,0.0,0.0,2.0,2.0,16.0,17.0,33.0,8.0,10.0,18.0,51,0.0,0,0,0,0.0,2025-09-26,buis,0.0,lin,,,,,,,,
3,3.0,2.0,0.0,0.0,8.0,4.0,0.0,14.0,14.0,0.0,4.0,4.0,42,1.0,0,0,0,0.023809523809523808,2025-09-27,buis,1.0,lin,,,,,,,,
0,3.0,3.0,0.0,0.0,3.0,3.0,3.0,6.0,9.0,2.0,3.0,5.0,21,0.0,0,0,0,0.0,2025-09-28,buis,0.0,lin,,,,,,,,
3,31.0,20.0,0.0,0.0,7.0,5.0,33.0,15.0,48.0,12.0,8.0,20.0,39,2.0,0,0,0,0.05128205128205128,2025-09-29,buis,2.0,lin,,,,,,,,
5,36.0,17.0,0.0,0.0,14.0,12.0,48.0,22.0,70.0,13.0,12.0,25.0,134,7.0,0,0,0,0.05223880597014925,2025-09-30,buis,7.0,lin,,,,,,,,
5,27.0,17.0,0.0,0.0,9.0,8.0,37.0,9.0,46.0,14.0,5.0,18.0,110,1.0,0,0,0,0.00909090909090909,2025-10-01,buis,1.0,lin,,,,,,,,
3,21.0,17.0,0.0,0.0,11.0,10.0,22.0,28.0,50.0,10.0,11.0,21.0,45,1.0,0,0,0,0.022222222222222223,2025-10-02,buis,1.0,lin,,,,,,,,
1,18.0,11.0,0.0,0.0,5.0,5.0,10.0,16.0,26.0,6.0,8.0,14.0,34,0.0,0,0,0,0.0,2025-10-03,buis,0.0,lin,,,,,,,,
2,10.0,7.0,0.0,0.0,2.0,2.0,7.0,17.0,24.0,3.0,5.0,8.0,65,0.0,0,0,0,0.0,2025-10-04,buis,0.0,lin,,,,,,,,
1,5.0,5.0,0.0,0.0,2.0,2.0,5.0,6.0,11.0,4.0,3.0,7.0,18,0.0,0,0,0,0.0,2025-10-05,buis,0.0,lin,,,,,,,,
3,16.0,10.0,0.0,0.0,4.0,4.0,16.0,15.0,31.0,7.0,8.0,15.0,55,0.0,0,0,0,0.0,2025-10-06,buis,0.0,lin,,,,,,,,
2,32.0,17.0,0.0,0.0,6.0,6.0,28.0,18.0,46.0,11.0,9.0,19.0,117,2.0,0,0,0,0.017094017094017096,2025-10-07,buis,2.0,lin,,,,,,,,
0,17.0,12.0,0.0,0.0,11.0,6.0,15.0,34.0,49.0,8.0,9.0,17.0,178,3.0,1,0,0,0.02247191011235955,2025-10-08,buis,4.0,lin,,,,,,,,
4,18.0,12.0,0.0,0.0,8.0,7.0,11.0,22.0,33.0,7.0,6.0,13.0,134,6.0,1,0,0,0.05223880597014925,2025-10-09,buis,7.0,lin,,,,,,,,
0,7.0,6.0,0.0,0.0,4.0,4.0,9.0,3.0,12.0,4.0,2.0,6.0,31,3.0,0,0,0,0.0967741935483871,2025-10-10,buis,3.0,lin,,,,,,,,
1,7.0,5.0,0.0,0.0,3.0,2.0,3.0,10.0,13.0,2.0,6.0,7.0,65,7.0,0,0,0,0.1076923076923077,2025-10-11,buis,7.0,lin,,,,,,,,
1,3.0,3.0,0.0,0.0,1.0,1.0,3.0,6.0,9.0,2.0,3.0,5.0,47,3.0,0,0,0,0.06382978723404255,2025-10-12,buis,2.9999999999999996,lin,,,,,,,,
3,22.0,13.0,0.0,0.0,8.0,7.0,20.0,19.0,39.0,8.0,8.0,16.0,128,3.0,1,0,0,0.03125,2025-10-13,buis,4.0,lin,,,,,,,,
4,29.0,10.0,0.0,0.0,12.0,6.0,42.0,30.0,72.0,9.0,4.0,13.0,407,92.0,13,0,1,0.26044226044226043,2025-10-14,buis,106.0,lin,,,,,,,,
5,33.0,16.0,0.0,0.0,6.0,5.0,24.0,27.0,51.0,9.0,10.0,19.0,283,34.0,3,0,0,0.13074204946996468,2025-10-15,buis,37.00000000000001,lin,,,,,,,,
1,12.0,11.0,0.0,0.0,4.0,4.0,15.0,14.0,29.0,8.0,4.0,11.0,71,7.0,0,0,0,0.09859154929577464,2025-10-16,buis,6.999999999999999,lin,,,,,,,,
1,20.0,10.0,0.0,0.0,9.0,8.0,18.0,23.0,41.0,7.0,9.0,15.0,106,6.0,0,0,0,0.05660377358490566,2025-10-17,buis,6.0,lin,,,,,,,,
1,7.0,6.0,0.0,0.0,3.0,3.0,5.0,7.0,12.0,3.0,5.0,8.0,51,1.0,0,0,0,0.0196078431372549,2025-10-18,buis,1.0,lin,,,,,,,,
0,6.0,5.0,0.0,0.0,2.0,2.0,5.0,10.0,15.0,2.0,4.0,6.0,17,0.0,0,0,0,0.0,2025-10-19,buis,0.0,lin,,,,,,,,
6,17.0,10.0,0.0,0.0,5.0,5.0,18.0,9.0,27.0,7.0,4.0,10.0,81,6.0,2,0,0,0.09876543209876543,2025-10-20,buis,8.0,lin,,,,,,,,
2,35.0,21.0,0.0,0.0,6.0,6.0,50.0,6.0,56.0,19.0,4.0,22.0,340,35.0,5,1,0,0.12058823529411765,2025-10-21,buis,41.0,lin,,,,,,,,
2,24.0,21.0,0.0,0.0,5.0,4.0,21.0,19.0,40.0,14.0,12.0,26.0,106,3.0,0,0,0,0.02830188679245283,2025-10-22,buis,3.0,lin,,,,,,,,
5,20.0,15.0,0.0,0.0,10.0,9.0,18.0,29.0,47.0,8.0,10.0,18.0,131,13.0,2,0,0,0.11450381679389313,2025-10-23,buis,15.0,lin,,,,,,,,
5,29.0,20.0,0.0,0.0,7.0,7.0,28.0,29.0,57.0,13.0,10.0,22.0,161,6.0,0,0,0,0.037267080745341616,2025-10-24,buis,6.0,lin,,,,,,,,
2,19.0,10.0,0.0,0.0,2.0,2.0,12.0,15.0,27.0,3.0,10.0,13.0,111,2.0,0,0,0,0.018018018018018018,2025-10-25,buis,2.0,lin,,,,,,,,
0,5.0,4.0,0.0,0.0,1.0,1.0,1.0,10.0,11.0,1.0,4.0,5.0,50,0.0,0,0,0,0.0,2025-10-26,buis,0.0,lin,,,,,,,,
10,27.0,21.0,0.0,0.0,7.0,7.0,42.0,12.0,54.0,17.0,10.0,26.0,134,0.0,1,0,0,0.007462686567164179,2025-10-27,buis,1.0,lin,,,,,,,,
15,33.0,24.0,0.0,0.0,15.0,13.0,41.0,32.0,73.0,15.0,14.0,28.0,118,2.0,1,0,0,0.025423728813559324,2025-10-28,buis,3.0,lin,,,,,,,,
9,54.0,38.0,0.0,0.0,17.0,15.0,81.0,32.0,113.0,29.0,15.0,43.0,235,9.0,0,0,0,0.03829787234042553,2025-10-29,buis,9.0,lin,,,,,,,,
10,21.0,12.0,0.0,0.0,19.0,12.0,30.0,46.0,76.0,8.0,16.0,23.0,134,10.0,1,0,0,0.08208955223880597,2025-10-30,buis,11.0,lin,,,,,,,,
1,13.0,9.0,0.0,0.0,5.0,5.0,9.0,17.0,26.0,4.0,10.0,14.0,59,7.0,0,0,0,0.11864406779661017,2025-10-31,buis,7.0,lin,,,,,,,,
1,3.0,3.0,0.0,0.0,2.0,2.0,2.0,4.0,6.0,1.0,4.0,5.0,22,1.0,0,0,0,0.045454545454545456,2025-11-01,buis,1.0,lin,,,,,,,,
1,4.0,3.0,0.0,0.0,2.0,2.0,2.0,6.0,8.0,1.0,3.0,4.0,17,0.0,0,0,0,0.0,2025-11-02,buis,0.0,lin,,,,,,,,
2,20.0,16.0,0.0,0.0,8.0,4.0,20.0,19.0,39.0,11.0,8.0,19.0,177,13.0,1,0,2,0.0903954802259887,2025-11-03,buis,16.0,lin,,,,,,,,
5,33.0,17.0,0.0,0.0,6.0,4.0,36.0,18.0,54.0,11.0,8.0,19.0,142,2.0,1,0,0,0.02112676056338028,2025-11-04,buis,3.0,lin,,,,,,,,
1,19.0,14.0,0.0,0.0,9.0,7.0,34.0,10.0,44.0,12.0,4.0,16.0,98,3.0,0,0,0,0.030612244897959183,2025-11-05,buis,3.0,lin,,,,,,,,
4,23.0,15.0,0.0,0.0,9.0,9.0,36.0,11.0,47.0,11.0,8.0,19.0,56,0.0,0,0,0,0.0,2025-11-06,buis,0.0,lin,,,,,,,,
0,15.0,9.0,0.0,0.0,3.0,2.0,27.0,3.0,30.0,9.0,2.0,11.0,32,2.0,0,0,0,0.0625,2025-11-07,buis,2.0,lin,,,,,,,,
0,13.0,6.0,0.0,0.0,1.0,1.0,20.0,5.0,25.0,4.0,4.0,8.0,27,0.0,0,0,0,0.0,2025-11-08,buis,0.0,lin,,,,,,,,
0,4.0,2.0,0.0,0.0,5.0,4.0,5.0,8.0,13.0,1.0,5.0,6.0,35,1.0,0,0,0,0.02857142857142857,2025-11-09,buis,1.0,lin,,,,,,,,
3,15.0,12.0,0.0,0.0,8.0,7.0,29.0,7.0,36.0,13.0,3.0,16.0,56,20.0,0,0,0,0.35714285714285715,2025-11-10,buis,20.0,lin,,,,,,,,
1,28.0,21.0,0.0,0.0,10.0,9.0,33.0,12.0,45.0,15.0,6.0,21.0,84,4.0,0,0,0,0.047619047619047616,2025-11-11,buis,4.0,lin,,,,,,,,
0,32.0,19.0,0.0,0.0,12.0,10.0,42.0,25.0,67.0,12.0,10.0,22.0,143,1.0,0,0,0,0.006993006993006993,2025-11-12,buis,1.0,lin,,,,,,,,
2,19.0,14.0,0.0,0.0,5.0,5.0,30.0,6.0,36.0,13.0,3.0,16.0,75,1.0,0,0,0,0.013333333333333334,2025-11-13,buis,1.0,lin,,,,,,,,
4,19.0,11.0,0.0,0.0,3.0,3.0,19.0,11.0,30.0,7.0,5.0,12.0,62,0.0,0,0,0,0.0,2025-11-14,buis,0.0,lin,,,,,,,,
0,7.0,5.0,0.0,0.0,4.0,4.0,8.0,8.0,16.0,4.0,4.0,8.0,28,0.0,0,0,0,0.0,2025-11-15,buis,0.0,lin,,,,,,,,
0,3.0,3.0,0.0,0.0,1.0,1.0,1.0,5.0,6.0,1.0,3.0,4.0,9,2.0,0,0,0,0.2222222222222222,2025-11-16,buis,2.0,lin,,,,,,,,
0,5.0,4.0,0.0,0.0,1.0,1.0,10.0,0.0,10.0,4.0,0.0,4.0,5,0.0,0,0,0,0.0,2025-11-17,buis,0.0,lin,,,,,,,,
0,19.0,8.0,0.0,0.0,7.0,6.0,12.0,28.0,40.0,4.0,5.0,9.0,28,5.0,0,0,0,0.17857142857142858,2025-11-18,buis,5.0,lin,,,,,,,,
1,21.0,14.0,0.0,0.0,2.0,2.0,20.0,13.0,33.0,9.0,5.0,14.0,24,2.0,0,0,0,0.08333333333333333,2025-11-19,buis,2.0,lin,,,,,,,,
2,14.0,11.0,0.0,0.0,4.0,4.0,14.0,7.0,21.0,7.0,4.0,11.0,32,1.0,0,0,0,0.03125,2025-11-20,buis,1.0,lin,,,,,,,,
2,15.0,13.0,0.0,0.0,9.0,3.0,26.0,7.0,33.0,10.0,3.0,13.0,16,0.0,0,0,0,0.0,2025-11-21,buis,0.0,lin,,,,,,,,
4,1.0,1.0,0.0,0.0,0.0,0.0,2.0,0.0,2.0,1.0,0.0,1.0,0,0.0,0,0,0,0.0,2025-11-22,buis,0.0,lin,,,,,,,,
1,4.0,4.0,0.0,0.0,4.0,3.0,1.0,8.0,9.0,1.0,4.0,5.0,6,0.0,0,0,0,0.0,2025-11-23,buis,0.0,lin,,,,,,,,
2,17.0,11.0,0.0,0.0,12.0,8.0,16.0,22.0,38.0,7.0,9.0,15.0,29,2.0,0,0,0,0.06896551724137931,2025-11-24,buis,2.0,lin,,,,,,,,
7,22.0,12.0,0.0,0.0,7.0,4.0,18.0,25.0,43.0,8.0,7.0,15.0,88,1.0,1,0,0,0.022727272727272728,2025-11-25,buis,2.0,lin,,,,,,,,
0,17.0,12.0,0.0,0.0,14.0,8.0,8.0,28.0,36.0,6.0,9.0,15.0,73,0.0,0,0,0,0.0,2025-11-26,buis,0.0,lin,,,,,,,,
1,14.0,11.0,0.0,0.0,9.0,6.0,18.0,13.0,31.0,9.0,6.0,15.0,44,2.0,0,0,0,0.045454545454545456,2025-11-27,buis,2.0,lin,,,,,,,,
6,11.0,8.0,0.0,0.0,3.0,3.0,9.0,6.0,15.0,6.0,2.0,8.0,50,2.0,0,0,0,0.04,2025-11-28,buis,2.0,lin,,,,,,,,
1,2.0,1.0,0.0,0.0,1.0,1.0,2.0,1.0,3.0,1.0,1.0,2.0,11,0.0,0,0,0,0.0,2025-11-29,buis,0.0,lin,,,,,,,,
1,9.0,6.0,0.0,0.0,2.0,2.0,5.0,6.0,11.0,4.0,2.0,6.0,22,2.0,0,0,0,0.09090909090909091,2025-11-30,buis,2.0,lin,,,,,,,,
9,17.0,14.0,0.0,0.0,18.0,12.0,18.0,23.0,41.0,9.0,9.0,18.0,54,0.0,0,0,0,0.0,2025-12-01,buis,0.0,lin,,,,,,,,
4,16.0,13.0,0.0,0.0,10.0,6.0,17.0,22.0,39.0,8.0,7.0,15.0,35,0.0,0,0,0,0.0,2025-12-02,buis,0.0,lin,,,,,,,,
8,20.0,14.0,0.0,0.0,7.0,6.0,11.0,27.0,38.0,6.0,9.0,15.0,11,1.0,0,0,0,0.09090909090909091,2025-12-03,buis,1.0,lin,,,,,,,,
5,12.0,11.0,0.0,0.0,11.0,8.0,5.0,28.0,33.0,3.0,11.0,14.0,11,1.0,0,0,0,0.09090909090909091,2025-12-04,buis,1.0,lin,,,,,,,,
2,3.0,3.0,0.0,0.0,7.0,4.0,0.0,14.0,14.0,0.0,7.0,7.0,14,0.0,0,0,0,0.0,2025-12-05,buis,0.0,lin,,,,,,,,
1,10.0,4.0,0.0,0.0,8.0,7.0,14.0,8.0,22.0,2.0,6.0,8.0,48,1.0,0,0,0,0.020833333333333332,2025-12-06,buis,1.0,lin,,,,,,,,
3,12.0,8.0,0.0,0.0,2.0,2.0,9.0,5.0,14.0,5.0,3.0,8.0,25,0.0,0,0,0,0.0,2025-12-07,buis,0.0,lin,,,,,,,,
3,13.0,8.0,0.0,0.0,11.0,10.0,4.0,33.0,37.0,2.0,11.0,13.0,31,1.0,0,0,0,0.03225806451612903,2025-12-08,buis,1.0,lin,,,,,,,,
2,17.0,10.0,0.0,0.0,7.0,4.0,20.0,7.0,27.0,7.0,4.0,11.0,49,2.0,0,0,0,0.04081632653061224,2025-12-09,buis,1.9999999999999998,lin,,,,,,,,
1,10.0,8.0,0.0,0.0,3.0,3.0,7.0,12.0,19.0,2.0,6.0,8.0,22,1.0,0,0,0,0.045454545454545456,2025-12-10,buis,1.0,lin,,,,,,,,
0,18.0,11.0,0.0,0.0,1.0,1.0,19.0,4.0,23.0,7.0,4.0,11.0,81,4.0,0,0,0,0.04938271604938271,2025-12-11,buis,4.0,lin,,,,,,,,
1,6.0,5.0,0.0,0.0,2.0,2.0,6.0,2.0,8.0,4.0,2.0,6.0,13,0.0,0,0,0,0.0,2025-12-12,buis,0.0,lin,,,,,,,,
1,6.0,4.0,0.0,0.0,1.0,1.0,4.0,4.0,8.0,3.0,1.0,4.0,15,0.0,0,0,0,0.0,2025-12-13,buis,0.0,lin,,,,,,,,
1,1.0,1.0,0.0,0.0,0.0,0.0,1.0,0.0,1.0,1.0,0.0,1.0,13,0.0,0,0,0,0.0,2025-12-14,buis,0.0,lin,,,,,,,,
1,14.0,13.0,0.0,0.0,2.0,2.0,11.0,12.0,23.0,9.0,5.0,14.0,20,0.0,0,0,0,0.0,2025-12-15,buis,0.0,lin,,,,,,,,
2,13.0,9.0,0.0,0.0,5.0,4.0,12.0,11.0,23.0,5.0,5.0,10.0,24,0.0,0,0,0,0.0,2025-12-16,buis,0.0,lin,,,,,,,,
1,9.0,7.0,0.0,0.0,1.0,1.0,2.0,10.0,12.0,2.0,5.0,7.0,16,1.0,0,0,0,0.0625,2025-12-17,buis,1.0,lin,,,,,,,,
3,10.0,9.0,0.0,0.0,3.0,3.0,5.0,12.0,17.0,4.0,7.0,11.0,33,2.0,0,0,0,0.06060606060606061,2025-12-18,buis,2.0,lin,,,,,,,,
0,13.0,7.0,0.0,0.0,4.0,4.0,15.0,4.0,19.0,5.0,2.0,7.0,60,9.0,0,0,0,0.15,2025-12-19,buis,9.0,lin,,,,,,,,
2,3.0,3.0,0.0,0.0,0.0,0.0,3.0,1.0,4.0,2.0,1.0,3.0,18,0.0,0,0,0,0.0,2025-12-20,buis,0.0,lin,,,,,,,,
1,1.0,1.0,0.0,0.0,0.0,0.0,1.0,0.0,1.0,1.0,0.0,1.0,3,0.0,0,0,0,0.0,2025-12-21,buis,0.0,lin,,,,,,,,
2,7.0,7.0,0.0,0.0,5.0,4.0,1.0,13.0,14.0,1.0,9.0,10.0,21,3.0,0,0,0,0.14285714285714285,2025-12-22,buis,3.0,lin,,,,,,,,
2,15.0,10.0,0.0,0.0,8.0,8.0,6.0,26.0,32.0,3.0,11.0,14.0,63,2.0,0,0,0,0.031746031746031744,2025-12-23,buis,2.0,lin,,,,,,,,
2,21.0,9.0,0.0,0.0,4.0,4.0,13.0,25.0,38.0,2.0,7.0,9.0,140,9.0,0,0,0,0.06428571428571428,2025-12-24,buis,9.0,lin,,,,,,,,
0,5.0,3.0,0.0,0.0,0.0,0.0,2.0,4.0,6.0,1.0,2.0,3.0,9,3.0,0,0,0,0.3333333333333333,2025-12-25,buis,3.0,lin,,,,,,,,
0,7.0,5.0,0.0,0.0,3.0,3.0,6.0,7.0,13.0,3.0,3.0,6.0,19,0.0,0,0,0,0.0,2025-12-26,buis,0.0,lin,,,,,,,,
0,7.0,4.0,0.0,0.0,2.0,2.0,0.0,10.0,10.0,0.0,4.0,4.0,8,0.0,0,0,0,0.0,2025-12-27,buis,0.0,lin,,,,,,,,
0,3.0,3.0,0.0,0.0,0.0,0.0,2.0,2.0,4.0,1.0,2.0,3.0,24,0.0,0,0,0,0.0,2025-12-28,buis,0.0,lin,,,,,,,,
0,8.0,6.0,0.0,0.0,3.0,3.0,10.0,4.0,14.0,6.0,2.0,8.0,14,4.0,0,0,0,0.2857142857142857,2025-12-29,buis,4.0,lin,,,,,,,,
0,5.0,4.0,0.0,0.0,4.0,4.0,3.0,7.0,10.0,3.0,3.0,6.0,15,6.0,0,0,0,0.4,2025-12-30,buis,6.0,lin,,,,,,,,
2,6.0,5.0,0.0,0.0,3.0,3.0,7.0,5.0,12.0,3.0,2.0,5.0,17,0.0,0,0,0,0.0,2025-12-31,buis,0.0,lin,,,,,,,,
0,0.0,0.0,0.0,0.0,0.0,0.0,0.0,0.0,0.0,0.0,0.0,0.0,0,0.0,0,0,0,0.0,2026-01-01,tal,0.0,lin,,,,,,,,
0,0.0,0.0,0.0,0.0,0.0,0.0,0.0,0.0,0.0,0.0,0.0,0.0,7,0.0,0,0,0,0.0,2026-01-02,tal,0.0,lin,,,,,,,,
0,0.0,0.0,0.0,0.0,0.0,0.0,0.0,0.0,0.0,0.0,0.0,0.0,0,0.0,0,0,0,0.0,2026-01-03,tal,0.0,lin,,,,,,,,
0,0.0,0.0,0.0,0.0,0.0,0.0,0.0,0.0,0.0,0.0,0.0,0.0,0,0.0,0,0,0,0.0,2026-01-04,tal,0.0,lin,,,,,,,,
2,4.0,2.0,0.0,0.0,0.0,0.0,4.0,1.0,5.0,2.0,1.0,3.0,33,0.0,0,0,0,0.0,2026-01-05,tal,0.0,lin,,,,,,,,
0,3.0,3.0,0.0,0.0,2.0,2.0,1.0,4.0,5.0,1.0,2.0,3.0,3,0.0,0,0,0,0.0,2026-01-06,tal,0.0,lin,,,,,,,,
2,0.0,0.0,0.0,0.0,1.0,1.0,0.0,1.0,1.0,0.0,1.0,1.0,38,20.0,0,0,0,0.5263157894736842,2026-01-07,tal,20.0,lin,,,,,,,,
0,0.0,0.0,0.0,0.0,0.0,0.0,0.0,0.0,0.0,0.0,0.0,0.0,5,1.0,0,0,0,0.2,2026-01-08,tal,1.0,lin,,,,,,,,
2,2.0,1.0,0.0,0.0,1.0,1.0,3.0,1.0,4.0,1.0,1.0,2.0,36,2.0,0,0,0,0.05555555555555555,2026-01-09,tal,2.0,lin,,,,,,,,
0,0.0,0.0,0.0,0.0,0.0,0.0,0.0,0.0,0.0,0.0,0.0,0.0,0,0.0,0,0,0,0.0,2026-01-10,tal,0.0,lin,,,,,,,,
0,0.0,0.0,0.0,0.0,0.0,0.0,0.0,0.0,0.0,0.0,0.0,0.0,4,4.0,0,0,0,1.0,2026-01-11,tal,4.0,lin,,,,,,,,
5,7.0,5.0,0.0,0.0,0.0,0.0,3.0,10.0,13.0,3.0,2.0,5.0,359,34.0,10,1,0,0.12534818941504178,2026-01-12,tal,45.0,lin,,,,,,,,
2,1.0,1.0,0.0,0.0,1.0,1.0,2.0,1.0,3.0,1.0,1.0,2.0,245,19.0,4,0,0,0.09387755102040816,2026-01-13,tal,23.0,lin,,,,,,,,
1,0.0,0.0,0.0,0.0,0.0,0.0,0.0,0.0,0.0,0.0,0.0,0.0,128,13.0,1,0,0,0.109375,2026-01-14,tal,14.0,lin,,,,,,,,
6,17.0,12.0,0.0,0.0,6.0,5.0,14.0,14.0,28.0,9.0,7.0,16.0,229,38.0,3,0,1,0.18340611353711792,2026-01-15,tal,42.0,lin,,,,,,,,
3,5.0,4.0,0.0,0.0,3.0,3.0,5.0,5.0,10.0,3.0,3.0,6.0,117,6.0,0,0,0,0.05128205128205128,2026-01-16,tal,6.0,lin,,,,,,,,
1,0.0,0.0,0.0,0.0,0.0,0.0,0.0,0.0,0.0,0.0,0.0,0.0,32,8.0,0,0,0,0.25,2026-01-17,tal,8.0,lin,,,,,,,,
0,0.0,0.0,0.0,0.0,0.0,0.0,0.0,0.0,0.0,0.0,0.0,0.0,31,5.0,0,0,0,0.16129032258064516,2026-01-18,tal,5.0,lin,,,,,,,,
0,0.0,0.0,0.0,0.0,0.0,0.0,0.0,0.0,0.0,0.0,0.0,0.0,25,2.0,0,0,0,0.08,2026-01-19,tal,2.0,lin,,,,,,,,
1,2.0,1.0,0.0,0.0,1.0,1.0,3.0,0.0,3.0,1.0,0.0,1.0,34,1.0,0,0,0,0.029411764705882353,2026-01-20,tal,1.0,lin,,,,,,,,
3,4.0,3.0,0.0,0.0,2.0,2.0,2.0,5.0,7.0,1.0,4.0,5.0,69,6.0,0,0,0,0.08695652173913043,2026-01-21,tal,6.0,lin,,,,,,,,
0,4.0,3.0,0.0,0.0,3.0,3.0,4.0,5.0,9.0,2.0,3.0,5.0,88,17.0,0,0,0,0.19318181818181818,2026-01-22,tal,17.0,lin,,,,,,,,
1,3.0,2.0,0.0,0.0,1.0,1.0,4.0,0.0,4.0,2.0,0.0,2.0,52,5.0,0,0,0,0.09615384615384616,2026-01-23,tal,5.0,lin,,,,,,,,
1,2.0,2.0,0.0,0.0,1.0,1.0,1.0,3.0,4.0,1.0,1.0,2.0,42,3.0,0,0,0,0.07142857142857142,2026-01-24,tal,3.0,lin,,,,,,,,
0,1.0,1.0,0.0,0.0,0.0,0.0,0.0,1.0,1.0,0.0,1.0,1.0,25,3.0,1,0,0,0.16,2026-01-25,tal,4.0,lin,,,,,,,,
1,6.0,6.0,0.0,0.0,6.0,4.0,6.0,7.0,13.0,4.0,4.0,8.0,41,5.0,0,0,0,0.12195121951219512,2026-01-26,tal,5.0,lin,,,,,,,,
2,3.0,3.0,0.0,0.0,1.0,1.0,1.0,3.0,4.0,1.0,3.0,4.0,15,1.0,0,0,0,0.06666666666666667,2026-01-27,tal,1.0,lin,,,,,,,,
3,8.0,4.0,0.0,0.0,3.0,2.0,7.0,5.0,12.0,3.0,2.0,5.0,75,3.0,0,0,0,0.04,2026-01-28,tal,3.0,lin,,,,,,,,
0,0.0,0.0,0.0,0.0,1.0,1.0,0.0,1.0,1.0,0.0,1.0,1.0,54,2.0,0,0,0,0.037037037037037035,2026-01-29,tal,2.0,lin,,,,,,,,
0,3.0,3.0,0.0,0.0,3.0,3.0,1.0,9.0,10.0,1.0,3.0,4.0,97,10.0,4,0,0,0.14432989690721648,2026-01-30,tal,13.999999999999998,lin,,,,,,,,
0,0.0,0.0,0.0,0.0,1.0,1.0,0.0,1.0,1.0,0.0,1.0,1.0,44,3.0,1,0,0,0.09090909090909091,2026-01-31,tal,4.0,lin,,,,,,,,
0,0.0,0.0,0.0,0.0,0.0,0.0,0.0,0.0,0.0,0.0,0.0,0.0,32,1.0,0,0,0,0.03125,2026-02-01,tal,1.0,lin,,,,,,,,
1,1.0,1.0,0.0,0.0,1.0,1.0,0.0,5.0,5.0,0.0,1.0,1.0,44,1.0,0,0,0,0.022727272727272728,2026-02-02,tal,1.0,lin,,,,,,,,
1,2.0,2.0,0.0,0.0,0.0,0.0,1.0,2.0,3.0,1.0,1.0,2.0,40,1.0,0,0,0,0.025,2026-02-03,tal,1.0,lin,,,,,,,,
2,2.0,1.0,0.0,0.0,3.0,2.0,4.0,1.0,5.0,1.0,1.0,2.0,195,26.0,6,0,0,0.1641025641025641,2026-02-04,tal,32.0,lin,,,,,,,,
2,1.0,1.0,0.0,0.0,1.0,1.0,1.0,1.0,2.0,1.0,1.0,2.0,84,4.0,0,0,0,0.047619047619047616,2026-02-05,tal,4.0,lin,,,,,,,,
0,0.0,0.0,0.0,0.0,0.0,0.0,0.0,0.0,0.0,0.0,0.0,0.0,77,5.0,1,0,0,0.07792207792207792,2026-02-06,tal,6.0,lin,,,,,,,,
0,2.0,1.0,0.0,0.0,1.0,1.0,3.0,0.0,3.0,1.0,0.0,1.0,31,0.0,0,0,0,0.0,2026-02-07,tal,0.0,lin,,,,,,,,
1,0.0,0.0,0.0,0.0,0.0,0.0,0.0,0.0,0.0,0.0,0.0,0.0,21,0.0,0,0,0,0.0,2026-02-08,tal,0.0,lin,,,,,,,,
3,29.0,15.0,0.0,0.0,8.0,8.0,29.0,10.0,39.0,11.0,7.0,17.0,165,16.0,5,2,0,0.1393939393939394,2026-02-09,tal,23.0,lin,,,,,,,,
3,8.0,6.0,0.0,0.0,9.0,7.0,6.0,14.0,20.0,2.0,7.0,9.0,131,9.0,2,0,0,0.08396946564885496,2026-02-10,tal,11.0,lin,,,,,,,,
1,4.0,3.0,0.0,0.0,1.0,1.0,0.0,5.0,5.0,0.0,4.0,4.0,41,2.0,1,0,0,0.07317073170731707,2026-02-11,tal,3.0,lin,,,,,,,,
0,2.0,1.0,0.0,0.0,1.0,1.0,0.0,6.0,6.0,0.0,1.0,1.0,83,6.0,1,0,0,0.08433734939759036,2026-02-12,tal,6.999999999999999,lin,,,,,,,,
0,3.0,2.0,0.0,0.0,4.0,2.0,5.0,2.0,7.0,2.0,1.0,3.0,75,10.0,2,0,0,0.16,2026-02-13,tal,12.0,lin,,,,,,,,
0,1.0,1.0,0.0,0.0,2.0,1.0,0.0,3.0,3.0,0.0,2.0,2.0,69,7.0,2,0,0,0.13043478260869565,2026-02-14,tal,9.0,lin,,,,,,,,
1,4.0,2.0,0.0,0.0,0.0,0.0,0.0,5.0,5.0,0.0,2.0,2.0,17,1.0,0,0,0,0.058823529411764705,2026-02-15,tal,1.0,lin,,,,,,,,
1,5.0,3.0,0.0,0.0,0.0,0.0,5.0,3.0,8.0,3.0,1.0,4.0,85,0.0,1,0,0,0.011764705882352941,2026-02-16,tal,1.0,lin,,,,,,,,
2,2.0,1.0,0.0,0.0,1.0,1.0,0.0,3.0,3.0,0.0,2.0,2.0,138,18.0,3,0,0,0.15217391304347827,2026-02-17,tal,21.0,lin,,,,,,,,
1,1.0,1.0,0.0,0.0,0.0,0.0,1.0,0.0,1.0,1.0,0.0,1.0,121,7.0,2,0,0,0.0743801652892562,2026-02-18,tal,9.0,lin,,,,,,,,
0,3.0,2.0,0.0,0.0,1.0,1.0,1.0,3.0,4.0,1.0,1.0,2.0,29,0.0,1,0,0,0.034482758620689655,2026-02-19,tal,1.0,lin,,,,,,,,
3,3.0,2.0,0.0,0.0,3.0,2.0,0.0,14.0,14.0,0.0,3.0,3.0,52,5.0,0,0,0,0.09615384615384616,2026-02-20,tal,5.0,lin,,,,,,,,
0,0.0,0.0,0.0,0.0,0.0,0.0,0.0,0.0,0.0,0.0,0.0,0.0,11,1.0,0,0,0,0.09090909090909091,2026-02-21,tal,1.0,lin,,,,,,,,
0,1.0,1.0,0.0,0.0,0.0,0.0,1.0,0.0,1.0,1.0,0.0,1.0,15,1.0,0,0,0,0.06666666666666667,2026-02-22,tal,1.0,lin,,,,,,,,
0,0.0,0.0,0.0,0.0,0.0,0.0,0.0,0.0,0.0,0.0,0.0,0.0,18,0.0,0,0,0,0.0,2026-02-23,tal,0.0,lin,,,,,,,,
3,7.0,6.0,0.0,0.0,4.0,4.0,7.0,5.0,12.0,4.0,4.0,8.0,79,4.0,0,0,0,0.05063291139240506,2026-02-24,tal,4.0,lin,,,,,,,,
1,10.0,6.0,0.0,0.0,2.0,2.0,7.0,11.0,18.0,2.0,4.0,6.0,108,9.0,0,0,0,0.08333333333333333,2026-02-25,tal,9.0,lin,,,,,,,,
0,7.0,5.0,0.0,0.0,2.0,2.0,4.0,6.0,10.0,3.0,2.0,5.0,26,1.0,0,0,0,0.038461538461538464,2026-02-26,tal,1.0,lin,,,,,,,,
1,4.0,3.0,0.0,0.0,3.0,3.0,5.0,3.0,8.0,3.0,1.0,4.0,32,1.0,1,0,0,0.0625,2026-02-27,tal,2.0,lin,,,,,,,,
0,0.0,0.0,0.0,0.0,0.0,0.0,0.0,0.0,0.0,0.0,0.0,0.0,17,1.0,0,0,0,0.058823529411764705,2026-02-28,tal,1.0,lin,,,,,,,,
0,0.0,0.0,0.0,0.0,0.0,0.0,0.0,0.0,0.0,0.0,0.0,0.0,7,0.0,0,0,0,0.0,2026-03-01,tal,0.0,lin,,,,,,,,
0,0.0,0.0,0.0,0.0,0.0,0.0,0.0,0.0,0.0,0.0,0.0,0.0,16,1.0,0,0,0,0.0625,2026-03-02,tal,1.0,lin,,,,,,,,
0,4.0,3.0,0.0,0.0,3.0,3.0,6.0,3.0,9.0,2.0,2.0,4.0,32,8.0,0,0,0,0.25,2026-03-03,tal,8.0,lin,,,,,,,,
1,3.0,3.0,0.0,0.0,0.0,0.0,3.0,0.0,3.0,3.0,0.0,3.0,59,0.0,1,1,0,0.03389830508474576,2026-03-04,tal,2.0,lin,,,,,,,,
1,4.0,2.0,0.0,0.0,1.0,1.0,4.0,1.0,5.0,2.0,1.0,3.0,28,1.0,0,0,0,0.03571428571428571,2026-03-05,tal,1.0,lin,,,,,,,,
1,1.0,1.0,0.0,0.0,1.0,1.0,2.0,0.0,2.0,1.0,0.0,1.0,10,1.0,0,0,0,0.1,2026-03-06,tal,1.0,lin,,,,,,,,
0,1.0,1.0,0.0,0.0,1.0,1.0,2.0,0.0,2.0,1.0,0.0,1.0,4,0.0,0,0,0,0.0,2026-03-07,tal,0.0,lin,,,,,,,,
0,0.0,0.0,0.0,0.0,0.0,0.0,0.0,0.0,0.0,0.0,0.0,0.0,0,0.0,0,0,0,0.0,2026-03-08,tal,0.0,lin,,,,,,,,
1,3.0,3.0,0.0,0.0,1.0,1.0,3.0,5.0,8.0,1.0,2.0,3.0,28,2.0,0,0,0,0.07142857142857142,2026-03-09,tal,2.0,lin,,,,,,,,
1,0.0,0.0,0.0,0.0,0.0,0.0,0.0,0.0,0.0,0.0,0.0,0.0,20,0.0,0,0,0,0.0,2026-03-10,tal,0.0,lin,,,,,,,,
0,5.0,3.0,0.0,0.0,4.0,2.0,1.0,14.0,15.0,1.0,2.0,3.0,19,1.0,0,0,0,0.05263157894736842,2026-03-11,tal,1.0,lin,,,,,,,,
0,5.0,3.0,0.0,0.0,5.0,3.0,5.0,5.0,10.0,1.0,2.0,3.0,85,4.0,2,1,0,0.08235294117647059,2026-03-12,tal,7.0,lin,,,,,,,,
3,3.0,3.0,0.0,0.0,1.0,1.0,1.0,4.0,5.0,1.0,2.0,3.0,116,15.0,3,1,1,0.1724137931034483,2026-03-13,tal,20.0,lin,,,,,,,,
1,7.0,4.0,0.0,0.0,1.0,1.0,2.0,6.0,8.0,2.0,3.0,5.0,34,7.0,2,0,1,0.29411764705882354,2026-03-14,tal,10.0,lin,,,,,,,,
0,0.0,0.0,0.0,0.0,0.0,0.0,0.0,0.0,0.0,0.0,0.0,0.0,13,0.0,1,1,0,0.15384615384615385,2026-03-15,tal,2.0,lin,,,,,,,,
0,0.0,0.0,0.0,0.0,0.0,0.0,0.0,0.0,0.0,0.0,0.0,0.0,8,0.0,1,0,0,0.125,2026-03-16,tal,1.0,lin,,,,,,,,
0,6.0,4.0,0.0,0.0,3.0,3.0,6.0,3.0,9.0,3.0,3.0,6.0,69,9.0,2,1,0,0.17391304347826086,2026-03-17,tal,12.0,lin,,,,,,,,
0,1.0,1.0,0.0,0.0,0.0,0.0,1.0,0.0,1.0,1.0,0.0,1.0,168,133.0,9,3,1,0.8690476190476191,2026-03-18,tal,146.0,lin,,,,,,,,
1,4.0,2.0,0.0,0.0,2.0,1.0,7.0,0.0,7.0,2.0,0.0,2.0,216,48.0,3,0,0,0.2361111111111111,2026-03-19,tal,51.0,lin,,,,,,,,
2,5.0,4.0,0.0,0.0,2.0,2.0,2.0,6.0,8.0,2.0,3.0,5.0,49,32.0,0,0,0,0.6530612244897959,2026-03-20,tal,31.999999999999996,lin,,,,,,,,
0,2.0,2.0,0.0,0.0,2.0,2.0,1.0,6.0,7.0,1.0,2.0,3.0,11,5.0,0,0,0,0.45454545454545453,2026-03-21,tal,5.0,lin,,,,,,,,
0,0.0,0.0,0.0,0.0,0.0,0.0,0.0,0.0,0.0,0.0,0.0,0.0,17,19.0,0,0,0,1.1176470588235294,2026-03-22,tal,19.0,lin,,,,,,,,
1,3.0,3.0,0.0,0.0,2.0,2.0,0.0,5.0,5.0,0.0,4.0,4.0,18,22.0,0,0,0,1.2222222222222223,2026-03-23,tal,22.0,lin,,,,,,,,
0,6.0,2.0,0.0,0.0,4.0,2.0,9.0,3.0,12.0,1.0,1.0,2.0,49,19.0,1,0,0,0.40816326530612246,2026-03-24,tal,20.0,lin,,,,,,,,
1,9.0,8.0,0.0,0.0,4.0,3.0,6.0,9.0,15.0,5.0,3.0,8.0,174,285.0,0,0,0,1.6379310344827587,2026-03-25,tal,285.0,lin,,,,,,,,
2,2.0,2.0,0.0,0.0,0.0,0.0,1.0,1.0,2.0,1.0,1.0,2.0,228,301.0,15,1,0,1.3903508771929824,2026-03-26,tal,317.0,lin,,,,,,,,
1,11.0,2.0,0.0,0.0,3.0,2.0,15.0,1.0,16.0,2.0,1.0,3.0,244,190.0,4,0,1,0.7991803278688525,2026-03-27,tal,195.0,lin,,,,,,,,
0,7.0,3.0,0.0,0.0,2.0,2.0,3.0,9.0,12.0,1.0,3.0,4.0,97,98.0,2,0,0,1.0309278350515463,2026-03-28,tal,99.99999999999999,lin,,,,,,,,
0,1.0,1.0,0.0,0.0,1.0,1.0,0.0,3.0,3.0,0.0,1.0,1.0,20,8.0,0,0,0,0.4,2026-03-29,tal,8.0,lin,,,,,,,,
1,7.0,4.0,0.0,0.0,1.0,1.0,5.0,5.0,10.0,2.0,2.0,4.0,234,166.0,8,1,0,0.7478632478632479,2026-03-30,tal,175.0,lin,,,,,,,,
1,4.0,4.0,0.0,0.0,6.0,5.0,1.0,10.0,11.0,1.0,6.0,7.0,237,204.0,5,0,1,0.8860759493670886,2026-03-31,tal,210.0,lin,,,,,,,,
4,14.0,5.0,0.0,0.0,5.0,4.0,14.0,5.0,19.0,4.0,4.0,8.0,543,565.0,10,1,0,1.0607734806629834,2026-04-01,tal,576.0,lin,,,,,,,,
2,15.0,3.0,0.0,0.0,1.0,1.0,13.0,4.0,17.0,2.0,1.0,3.0,355,242.0,5,0,0,0.6957746478873239,2026-04-02,tal,247.0,lin,,,,,,,,
0,5.0,2.0,0.0,0.0,2.0,2.0,5.0,6.0,11.0,1.0,1.0,2.0,71,79.0,2,0,0,1.1408450704225352,2026-04-03,tal,81.0,lin,,,,,,,,
0,1.0,1.0,0.0,0.0,0.0,0.0,1.0,0.0,1.0,1.0,0.0,1.0,65,113.0,0,0,0,1.7384615384615385,2026-04-04,tal,113.0,lin,,,,,,,,
0,0.0,0.0,0.0,0.0,0.0,0.0,0.0,0.0,0.0,0.0,0.0,0.0,0,0.0,0,0,0,0.0,2025-04-05,tal,0.0,lin,,,,,,,,
0,0.0,0.0,0.0,0.0,0.0,0.0,0.0,0.0,0.0,0.0,0.0,0.0,0,0.0,0,0,0,0.0,2025-04-06,tal,0.0,lin,,,,,,,,
0,0.0,0.0,0.0,0.0,0.0,0.0,0.0,0.0,0.0,0.0,0.0,0.0,0,0.0,0,0,0,0.0,2025-04-07,tal,0.0,lin,,,,,,,,
0,0.0,0.0,0.0,0.0,0.0,0.0,0.0,0.0,0.0,0.0,0.0,0.0,0,0.0,0,0,0,0.0,2025-04-08,tal,0.0,lin,,,,,,,,
0,0.0,0.0,0.0,0.0,0.0,0.0,0.0,0.0,0.0,0.0,0.0,0.0,0,0.0,0,0,0,0.0,2025-04-09,tal,0.0,lin,,,,,,,,
0,0.0,0.0,0.0,0.0,0.0,0.0,0.0,0.0,0.0,0.0,0.0,0.0,0,0.0,0,0,0,0.0,2025-04-10,tal,0.0,lin,,,,,,,,
0,0.0,0.0,0.0,0.0,0.0,0.0,0.0,0.0,0.0,0.0,0.0,0.0,0,0.0,0,0,0,0.0,2025-04-11,tal,0.0,lin,,,,,,,,
0,0.0,0.0,0.0,0.0,0.0,0.0,0.0,0.0,0.0,0.0,0.0,0.0,0,0.0,0,0,0,0.0,2025-04-12,tal,0.0,lin,,,,,,,,
0,0.0,0.0,0.0,0.0,0.0,0.0,0.0,0.0,0.0,0.0,0.0,0.0,0,0.0,0,0,0,0.0,2025-04-13,tal,0.0,lin,,,,,,,,
0,0.0,0.0,0.0,0.0,0.0,0.0,0.0,0.0,0.0,0.0,0.0,0.0,0,0.0,0,0,0,0.0,2025-04-14,tal,0.0,lin,,,,,,,,
0,0.0,0.0,0.0,0.0,0.0,0.0,0.0,0.0,0.0,0.0,0.0,0.0,0,0.0,0,0,0,0.0,2025-04-15,tal,0.0,lin,,,,,,,,
0,0.0,0.0,0.0,0.0,0.0,0.0,0.0,0.0,0.0,0.0,0.0,0.0,0,0.0,0,0,0,0.0,2025-04-16,tal,0.0,lin,,,,,,,,
0,0.0,0.0,0.0,0.0,0.0,0.0,0.0,0.0,0.0,0.0,0.0,0.0,0,0.0,0,0,0,0.0,2025-04-17,tal,0.0,lin,,,,,,,,
0,0.0,0.0,0.0,0.0,0.0,0.0,0.0,0.0,0.0,0.0,0.0,0.0,0,0.0,0,0,0,0.0,2025-04-18,tal,0.0,lin,,,,,,,,
0,0.0,0.0,0.0,0.0,0.0,0.0,0.0,0.0,0.0,0.0,0.0,0.0,0,0.0,0,0,0,0.0,2025-04-19,tal,0.0,lin,,,,,,,,
0,0.0,0.0,0.0,0.0,0.0,0.0,0.0,0.0,0.0,0.0,0.0,0.0,0,0.0,0,0,0,0.0,2025-04-20,tal,0.0,lin,,,,,,,,
0,0.0,0.0,0.0,0.0,0.0,0.0,0.0,0.0,0.0,0.0,0.0,0.0,0,0.0,0,0,0,0.0,2025-04-21,tal,0.0,lin,,,,,,,,
0,0.0,0.0,0.0,0.0,0.0,0.0,0.0,0.0,0.0,0.0,0.0,0.0,0,0.0,0,0,0,0.0,2025-04-22,tal,0.0,lin,,,,,,,,
0,0.0,0.0,0.0,0.0,0.0,0.0,0.0,0.0,0.0,0.0,0.0,0.0,0,0.0,0,0,0,0.0,2025-04-23,tal,0.0,lin,,,,,,,,
0,0.0,0.0,0.0,0.0,0.0,0.0,0.0,0.0,0.0,0.0,0.0,0.0,0,0.0,0,0,0,0.0,2025-04-24,tal,0.0,lin,,,,,,,,
0,0.0,0.0,0.0,0.0,0.0,0.0,0.0,0.0,0.0,0.0,0.0,0.0,0,0.0,0,0,0,0.0,2025-04-25,tal,0.0,lin,,,,,,,,
0,0.0,0.0,0.0,0.0,0.0,0.0,0.0,0.0,0.0,0.0,0.0,0.0,0,0.0,0,0,0,0.0,2025-04-26,tal,0.0,lin,,,,,,,,
0,0.0,0.0,0.0,0.0,0.0,0.0,0.0,0.0,0.0,0.0,0.0,0.0,0,0.0,0,0,0,0.0,2025-04-27,tal,0.0,lin,,,,,,,,
0,0.0,0.0,0.0,0.0,0.0,0.0,0.0,0.0,0.0,0.0,0.0,0.0,0,0.0,0,0,0,0.0,2025-04-28,tal,0.0,lin,,,,,,,,
0,0.0,0.0,0.0,0.0,0.0,0.0,0.0,0.0,0.0,0.0,0.0,0.0,0,0.0,0,0,0,0.0,2025-04-29,tal,0.0,lin,,,,,,,,
0,0.0,0.0,0.0,0.0,0.0,0.0,0.0,0.0,0.0,0.0,0.0,0.0,0,0.0,0,0,0,0.0,2025-04-30,tal,0.0,lin,,,,,,,,
0,0.0,0.0,0.0,0.0,0.0,0.0,0.0,0.0,0.0,0.0,0.0,0.0,0,0.0,0,0,0,0.0,2025-05-01,tal,0.0,lin,,,,,,,,
0,0.0,0.0,0.0,0.0,0.0,0.0,0.0,0.0,0.0,0.0,0.0,0.0,0,0.0,0,0,0,0.0,2025-05-02,tal,0.0,lin,,,,,,,,
0,0.0,0.0,0.0,0.0,0.0,0.0,0.0,0.0,0.0,0.0,0.0,0.0,0,0.0,0,0,0,0.0,2025-05-03,tal,0.0,lin,,,,,,,,
0,0.0,0.0,0.0,0.0,0.0,0.0,0.0,0.0,0.0,0.0,0.0,0.0,0,0.0,0,0,0,0.0,2025-05-04,tal,0.0,lin,,,,,,,,
0,0.0,0.0,0.0,0.0,0.0,0.0,0.0,0.0,0.0,0.0,0.0,0.0,0,0.0,0,0,0,0.0,2025-05-05,tal,0.0,lin,,,,,,,,
0,0.0,0.0,0.0,0.0,0.0,0.0,0.0,0.0,0.0,0.0,0.0,0.0,0,0.0,0,0,0,0.0,2025-05-06,tal,0.0,lin,,,,,,,,
0,0.0,0.0,0.0,0.0,0.0,0.0,0.0,0.0,0.0,0.0,0.0,0.0,0,0.0,0,0,0,0.0,2025-05-07,tal,0.0,lin,,,,,,,,
0,0.0,0.0,0.0,0.0,0.0,0.0,0.0,0.0,0.0,0.0,0.0,0.0,0,0.0,0,0,0,0.0,2025-05-08,tal,0.0,lin,,,,,,,,
0,0.0,0.0,0.0,0.0,0.0,0.0,0.0,0.0,0.0,0.0,0.0,0.0,0,0.0,0,0,0,0.0,2025-05-09,tal,0.0,lin,,,,,,,,
0,0.0,0.0,0.0,0.0,0.0,0.0,0.0,0.0,0.0,0.0,0.0,0.0,0,0.0,0,0,0,0.0,2025-05-10,tal,0.0,lin,,,,,,,,
0,0.0,0.0,0.0,0.0,0.0,0.0,0.0,0.0,0.0,0.0,0.0,0.0,0,0.0,0,0,0,0.0,2025-05-11,tal,0.0,lin,,,,,,,,
0,0.0,0.0,0.0,0.0,0.0,0.0,0.0,0.0,0.0,0.0,0.0,0.0,0,0.0,0,0,0,0.0,2025-05-12,tal,0.0,lin,,,,,,,,
0,0.0,0.0,0.0,0.0,0.0,0.0,0.0,0.0,0.0,0.0,0.0,0.0,0,0.0,0,0,0,0.0,2025-05-13,tal,0.0,lin,,,,,,,,
0,0.0,0.0,0.0,0.0,0.0,0.0,0.0,0.0,0.0,0.0,0.0,0.0,0,0.0,0,0,0,0.0,2025-05-14,tal,0.0,lin,,,,,,,,
0,0.0,0.0,0.0,0.0,0.0,0.0,0.0,0.0,0.0,0.0,0.0,0.0,0,0.0,0,0,0,0.0,2025-05-15,tal,0.0,lin,,,,,,,,
0,0.0,0.0,0.0,0.0,0.0,0.0,0.0,0.0,0.0,0.0,0.0,0.0,0,0.0,0,0,0,0.0,2025-05-16,tal,0.0,lin,,,,,,,,
0,0.0,0.0,0.0,0.0,0.0,0.0,0.0,0.0,0.0,0.0,0.0,0.0,0,0.0,0,0,0,0.0,2025-05-17,tal,0.0,lin,,,,,,,,
0,0.0,0.0,0.0,0.0,0.0,0.0,0.0,0.0,0.0,0.0,0.0,0.0,0,0.0,0,0,0,0.0,2025-05-18,tal,0.0,lin,,,,,,,,
0,0.0,0.0,0.0,0.0,0.0,0.0,0.0,0.0,0.0,0.0,0.0,0.0,0,0.0,0,0,0,0.0,2025-05-19,tal,0.0,lin,,,,,,,,
0,0.0,0.0,0.0,0.0,0.0,0.0,0.0,0.0,0.0,0.0,0.0,0.0,0,0.0,0,0,0,0.0,2025-05-20,tal,0.0,lin,,,,,,,,
0,0.0,0.0,0.0,0.0,0.0,0.0,0.0,0.0,0.0,0.0,0.0,0.0,0,0.0,0,0,0,0.0,2025-05-21,tal,0.0,lin,,,,,,,,
0,0.0,0.0,0.0,0.0,0.0,0.0,0.0,0.0,0.0,0.0,0.0,0.0,0,0.0,0,0,0,0.0,2025-05-22,tal,0.0,lin,,,,,,,,
0,0.0,0.0,0.0,0.0,0.0,0.0,0.0,0.0,0.0,0.0,0.0,0.0,0,0.0,0,0,0,0.0,2025-05-23,tal,0.0,lin,,,,,,,,
0,0.0,0.0,0.0,0.0,0.0,0.0,0.0,0.0,0.0,0.0,0.0,0.0,0,0.0,0,0,0,0.0,2025-05-24,tal,0.0,lin,,,,,,,,
0,0.0,0.0,0.0,0.0,0.0,0.0,0.0,0.0,0.0,0.0,0.0,0.0,0,0.0,0,0,0,0.0,2025-05-25,tal,0.0,lin,,,,,,,,
0,0.0,0.0,0.0,0.0,0.0,0.0,0.0,0.0,0.0,0.0,0.0,0.0,0,0.0,0,0,0,0.0,2025-05-26,tal,0.0,lin,,,,,,,,
0,0.0,0.0,0.0,0.0,0.0,0.0,0.0,0.0,0.0,0.0,0.0,0.0,0,0.0,0,0,0,0.0,2025-05-27,tal,0.0,lin,,,,,,,,
0,0.0,0.0,0.0,0.0,0.0,0.0,0.0,0.0,0.0,0.0,0.0,0.0,0,0.0,0,0,0,0.0,2025-05-28,tal,0.0,lin,,,,,,,,
0,0.0,0.0,0.0,0.0,0.0,0.0,0.0,0.0,0.0,0.0,0.0,0.0,0,0.0,0,0,0,0.0,2025-05-29,tal,0.0,lin,,,,,,,,
0,0.0,0.0,0.0,0.0,0.0,0.0,0.0,0.0,0.0,0.0,0.0,0.0,0,0.0,0,0,0,0.0,2025-05-30,tal,0.0,lin,,,,,,,,
0,0.0,0.0,0.0,0.0,0.0,0.0,0.0,0.0,0.0,0.0,0.0,0.0,0,0.0,0,0,0,0.0,2025-05-31,tal,0.0,lin,,,,,,,,
0,0.0,0.0,0.0,0.0,0.0,0.0,0.0,0.0,0.0,0.0,0.0,0.0,0,0.0,0,0,0,0.0,2025-06-01,tal,0.0,lin,,,,,,,,
0,0.0,0.0,0.0,0.0,0.0,0.0,0.0,0.0,0.0,0.0,0.0,0.0,0,0.0,0,0,0,0.0,2025-06-02,tal,0.0,lin,,,,,,,,
0,0.0,0.0,0.0,0.0,0.0,0.0,0.0,0.0,0.0,0.0,0.0,0.0,0,0.0,0,0,0,0.0,2025-06-03,tal,0.0,lin,,,,,,,,
0,0.0,0.0,0.0,0.0,0.0,0.0,0.0,0.0,0.0,0.0,0.0,0.0,0,0.0,0,0,0,0.0,2025-06-04,tal,0.0,lin,,,,,,,,
0,0.0,0.0,0.0,0.0,0.0,0.0,0.0,0.0,0.0,0.0,0.0,0.0,0,0.0,0,0,0,0.0,2025-06-05,tal,0.0,lin,,,,,,,,
0,0.0,0.0,0.0,0.0,0.0,0.0,0.0,0.0,0.0,0.0,0.0,0.0,0,0.0,0,0,0,0.0,2025-06-06,tal,0.0,lin,,,,,,,,
0,0.0,0.0,0.0,0.0,0.0,0.0,0.0,0.0,0.0,0.0,0.0,0.0,0,0.0,0,0,0,0.0,2025-06-07,tal,0.0,lin,,,,,,,,
0,0.0,0.0,0.0,0.0,0.0,0.0,0.0,0.0,0.0,0.0,0.0,0.0,0,0.0,0,0,0,0.0,2025-06-08,tal,0.0,lin,,,,,,,,
0,0.0,0.0,0.0,0.0,0.0,0.0,0.0,0.0,0.0,0.0,0.0,0.0,0,0.0,0,0,0,0.0,2025-06-09,tal,0.0,lin,,,,,,,,
0,0.0,0.0,0.0,0.0,0.0,0.0,0.0,0.0,0.0,0.0,0.0,0.0,0,0.0,0,0,0,0.0,2025-06-10,tal,0.0,lin,,,,,,,,
0,0.0,0.0,0.0,0.0,0.0,0.0,0.0,0.0,0.0,0.0,0.0,0.0,0,0.0,0,0,0,0.0,2025-06-11,tal,0.0,lin,,,,,,,,
0,0.0,0.0,0.0,0.0,0.0,0.0,0.0,0.0,0.0,0.0,0.0,0.0,0,0.0,0,0,0,0.0,2025-06-12,tal,0.0,lin,,,,,,,,
0,0.0,0.0,0.0,0.0,0.0,0.0,0.0,0.0,0.0,0.0,0.0,0.0,0,0.0,0,0,0,0.0,2025-06-13,tal,0.0,lin,,,,,,,,
0,0.0,0.0,0.0,0.0,0.0,0.0,0.0,0.0,0.0,0.0,0.0,0.0,0,0.0,0,0,0,0.0,2025-06-14,tal,0.0,lin,,,,,,,,
0,0.0,0.0,0.0,0.0,0.0,0.0,0.0,0.0,0.0,0.0,0.0,0.0,0,0.0,0,0,0,0.0,2025-06-15,tal,0.0,lin,,,,,,,,
0,0.0,0.0,0.0,0.0,0.0,0.0,0.0,0.0,0.0,0.0,0.0,0.0,0,0.0,0,0,0,0.0,2025-06-16,tal,0.0,lin,,,,,,,,
0,0.0,0.0,0.0,0.0,0.0,0.0,0.0,0.0,0.0,0.0,0.0,0.0,0,0.0,0,0,0,0.0,2025-06-17,tal,0.0,lin,,,,,,,,
0,0.0,0.0,0.0,0.0,0.0,0.0,0.0,0.0,0.0,0.0,0.0,0.0,0,0.0,0,0,0,0.0,2025-06-18,tal,0.0,lin,,,,,,,,
0,0.0,0.0,0.0,0.0,0.0,0.0,0.0,0.0,0.0,0.0,0.0,0.0,0,0.0,0,0,0,0.0,2025-06-19,tal,0.0,lin,,,,,,,,
0,0.0,0.0,0.0,0.0,0.0,0.0,0.0,0.0,0.0,0.0,0.0,0.0,0,0.0,0,0,0,0.0,2025-06-20,tal,0.0,lin,,,,,,,,
0,0.0,0.0,0.0,0.0,0.0,0.0,0.0,0.0,0.0,0.0,0.0,0.0,0,0.0,0,0,0,0.0,2025-06-21,tal,0.0,lin,,,,,,,,
0,0.0,0.0,0.0,0.0,0.0,0.0,0.0,0.0,0.0,0.0,0.0,0.0,0,0.0,0,0,0,0.0,2025-06-22,tal,0.0,lin,,,,,,,,
0,0.0,0.0,0.0,0.0,0.0,0.0,0.0,0.0,0.0,0.0,0.0,0.0,0,0.0,0,0,0,0.0,2025-06-23,tal,0.0,lin,,,,,,,,
0,0.0,0.0,0.0,0.0,0.0,0.0,0.0,0.0,0.0,0.0,0.0,0.0,0,0.0,0,0,0,0.0,2025-06-24,tal,0.0,lin,,,,,,,,
0,0.0,0.0,0.0,0.0,0.0,0.0,0.0,0.0,0.0,0.0,0.0,0.0,0,0.0,0,0,0,0.0,2025-06-25,tal,0.0,lin,,,,,,,,
0,0.0,0.0,0.0,0.0,0.0,0.0,0.0,0.0,0.0,0.0,0.0,0.0,0,0.0,0,0,0,0.0,2025-06-26,tal,0.0,lin,,,,,,,,
0,0.0,0.0,0.0,0.0,0.0,0.0,0.0,0.0,0.0,0.0,0.0,0.0,0,0.0,0,0,0,0.0,2025-06-27,tal,0.0,lin,,,,,,,,
0,0.0,0.0,0.0,0.0,0.0,0.0,0.0,0.0,0.0,0.0,0.0,0.0,0,0.0,0,0,0,0.0,2025-06-28,tal,0.0,lin,,,,,,,,
0,0.0,0.0,0.0,0.0,0.0,0.0,0.0,0.0,0.0,0.0,0.0,0.0,0,0.0,0,0,0,0.0,2025-06-29,tal,0.0,lin,,,,,,,,
0,0.0,0.0,0.0,0.0,0.0,0.0,0.0,0.0,0.0,0.0,0.0,0.0,0,0.0,0,0,0,0.0,2025-06-30,tal,0.0,lin,,,,,,,,
0,0.0,0.0,0.0,0.0,0.0,0.0,0.0,0.0,0.0,0.0,0.0,0.0,0,0.0,0,0,0,0.0,2025-07-01,tal,0.0,lin,,,,,,,,
0,0.0,0.0,0.0,0.0,0.0,0.0,0.0,0.0,0.0,0.0,0.0,0.0,0,0.0,0,0,0,0.0,2025-07-02,tal,0.0,lin,,,,,,,,
0,0.0,0.0,0.0,0.0,0.0,0.0,0.0,0.0,0.0,0.0,0.0,0.0,0,0.0,0,0,0,0.0,2025-07-03,tal,0.0,lin,,,,,,,,
0,0.0,0.0,0.0,0.0,0.0,0.0,0.0,0.0,0.0,0.0,0.0,0.0,0,0.0,0,0,0,0.0,2025-07-04,tal,0.0,lin,,,,,,,,
0,0.0,0.0,0.0,0.0,0.0,0.0,0.0,0.0,0.0,0.0,0.0,0.0,0,0.0,0,0,0,0.0,2025-07-05,tal,0.0,lin,,,,,,,,
0,0.0,0.0,0.0,0.0,0.0,0.0,0.0,0.0,0.0,0.0,0.0,0.0,0,0.0,0,0,0,0.0,2025-07-06,tal,0.0,lin,,,,,,,,
0,0.0,0.0,0.0,0.0,0.0,0.0,0.0,0.0,0.0,0.0,0.0,0.0,0,0.0,0,0,0,0.0,2025-07-07,tal,0.0,lin,,,,,,,,
0,0.0,0.0,0.0,0.0,0.0,0.0,0.0,0.0,0.0,0.0,0.0,0.0,0,0.0,0,0,0,0.0,2025-07-08,tal,0.0,lin,,,,,,,,
0,0.0,0.0,0.0,0.0,0.0,0.0,0.0,0.0,0.0,0.0,0.0,0.0,0,0.0,0,0,0,0.0,2025-07-09,tal,0.0,lin,,,,,,,,
0,0.0,0.0,0.0,0.0,0.0,0.0,0.0,0.0,0.0,0.0,0.0,0.0,0,0.0,0,0,0,0.0,2025-07-10,tal,0.0,lin,,,,,,,,
0,0.0,0.0,0.0,0.0,0.0,0.0,0.0,0.0,0.0,0.0,0.0,0.0,0,0.0,0,0,0,0.0,2025-07-11,tal,0.0,lin,,,,,,,,
0,0.0,0.0,0.0,0.0,0.0,0.0,0.0,0.0,0.0,0.0,0.0,0.0,0,0.0,0,0,0,0.0,2025-07-12,tal,0.0,lin,,,,,,,,
0,0.0,0.0,0.0,0.0,0.0,0.0,0.0,0.0,0.0,0.0,0.0,0.0,0,0.0,0,0,0,0.0,2025-07-13,tal,0.0,lin,,,,,,,,
0,0.0,0.0,0.0,0.0,0.0,0.0,0.0,0.0,0.0,0.0,0.0,0.0,0,0.0,0,0,0,0.0,2025-07-14,tal,0.0,lin,,,,,,,,
0,0.0,0.0,0.0,0.0,0.0,0.0,0.0,0.0,0.0,0.0,0.0,0.0,0,0.0,0,0,0,0.0,2025-07-15,tal,0.0,lin,,,,,,,,
0,0.0,0.0,0.0,0.0,0.0,0.0,0.0,0.0,0.0,0.0,0.0,0.0,0,0.0,0,0,0,0.0,2025-07-16,tal,0.0,lin,,,,,,,,
0,0.0,0.0,0.0,0.0,0.0,0.0,0.0,0.0,0.0,0.0,0.0,0.0,0,0.0,0,0,0,0.0,2025-07-17,tal,0.0,lin,,,,,,,,
0,0.0,0.0,0.0,0.0,0.0,0.0,0.0,0.0,0.0,0.0,0.0,0.0,0,0.0,0,0,0,0.0,2025-07-18,tal,0.0,lin,,,,,,,,
0,0.0,0.0,0.0,0.0,0.0,0.0,0.0,0.0,0.0,0.0,0.0,0.0,0,0.0,0,0,0,0.0,2025-07-19,tal,0.0,lin,,,,,,,,
0,0.0,0.0,0.0,0.0,0.0,0.0,0.0,0.0,0.0,0.0,0.0,0.0,0,0.0,0,0,0,0.0,2025-07-20,tal,0.0,lin,,,,,,,,
0,0.0,0.0,0.0,0.0,0.0,0.0,0.0,0.0,0.0,0.0,0.0,0.0,0,0.0,0,0,0,0.0,2025-07-21,tal,0.0,lin,,,,,,,,
0,0.0,0.0,0.0,0.0,0.0,0.0,0.0,0.0,0.0,0.0,0.0,0.0,0,0.0,0,0,0,0.0,2025-07-22,tal,0.0,lin,,,,,,,,
0,0.0,0.0,0.0,0.0,0.0,0.0,0.0,0.0,0.0,0.0,0.0,0.0,0,0.0,0,0,0,0.0,2025-07-23,tal,0.0,lin,,,,,,,,
0,0.0,0.0,0.0,0.0,0.0,0.0,0.0,0.0,0.0,0.0,0.0,0.0,0,0.0,0,0,0,0.0,2025-07-24,tal,0.0,lin,,,,,,,,
0,0.0,0.0,0.0,0.0,0.0,0.0,0.0,0.0,0.0,0.0,0.0,0.0,0,0.0,0,0,0,0.0,2025-07-25,tal,0.0,lin,,,,,,,,
0,0.0,0.0,0.0,0.0,0.0,0.0,0.0,0.0,0.0,0.0,0.0,0.0,0,0.0,0,0,0,0.0,2025-07-26,tal,0.0,lin,,,,,,,,
0,0.0,0.0,0.0,0.0,0.0,0.0,0.0,0.0,0.0,0.0,0.0,0.0,0,0.0,0,0,0,0.0,2025-07-27,tal,0.0,lin,,,,,,,,
0,0.0,0.0,0.0,0.0,0.0,0.0,0.0,0.0,0.0,0.0,0.0,0.0,0,0.0,0,0,0,0.0,2025-07-28,tal,0.0,lin,,,,,,,,
0,0.0,0.0,0.0,0.0,0.0,0.0,0.0,0.0,0.0,0.0,0.0,0.0,0,0.0,0,0,0,0.0,2025-07-29,tal,0.0,lin,,,,,,,,
0,0.0,0.0,0.0,0.0,0.0,0.0,0.0,0.0,0.0,0.0,0.0,0.0,0,0.0,0,0,0,0.0,2025-07-30,tal,0.0,lin,,,,,,,,
0,0.0,0.0,0.0,0.0,0.0,0.0,0.0,0.0,0.0,0.0,0.0,0.0,0,0.0,0,0,0,0.0,2025-07-31,tal,0.0,lin,,,,,,,,
0,0.0,0.0,0.0,0.0,0.0,0.0,0.0,0.0,0.0,0.0,0.0,0.0,0,0.0,0,0,0,0.0,2025-08-01,tal,0.0,lin,,,,,,,,
0,0.0,0.0,0.0,0.0,0.0,0.0,0.0,0.0,0.0,0.0,0.0,0.0,0,0.0,0,0,0,0.0,2025-08-02,tal,0.0,lin,,,,,,,,
0,0.0,0.0,0.0,0.0,0.0,0.0,0.0,0.0,0.0,0.0,0.0,0.0,0,0.0,0,0,0,0.0,2025-08-03,tal,0.0,lin,,,,,,,,
0,0.0,0.0,0.0,0.0,0.0,0.0,0.0,0.0,0.0,0.0,0.0,0.0,0,0.0,0,0,0,0.0,2025-08-04,tal,0.0,lin,,,,,,,,
0,0.0,0.0,0.0,0.0,0.0,0.0,0.0,0.0,0.0,0.0,0.0,0.0,0,0.0,0,0,0,0.0,2025-08-05,tal,0.0,lin,,,,,,,,
0,0.0,0.0,0.0,0.0,0.0,0.0,0.0,0.0,0.0,0.0,0.0,0.0,0,0.0,0,0,0,0.0,2025-08-06,tal,0.0,lin,,,,,,,,
0,0.0,0.0,0.0,0.0,0.0,0.0,0.0,0.0,0.0,0.0,0.0,0.0,0,0.0,0,0,0,0.0,2025-08-07,tal,0.0,lin,,,,,,,,
0,0.0,0.0,0.0,0.0,0.0,0.0,0.0,0.0,0.0,0.0,0.0,0.0,0,0.0,0,0,0,0.0,2025-08-08,tal,0.0,lin,,,,,,,,
0,0.0,0.0,0.0,0.0,0.0,0.0,0.0,0.0,0.0,0.0,0.0,0.0,0,0.0,0,0,0,0.0,2025-08-09,tal,0.0,lin,,,,,,,,
0,0.0,0.0,0.0,0.0,0.0,0.0,0.0,0.0,0.0,0.0,0.0,0.0,0,0.0,0,0,0,0.0,2025-08-10,tal,0.0,lin,,,,,,,,
0,0.0,0.0,0.0,0.0,0.0,0.0,0.0,0.0,0.0,0.0,0.0,0.0,0,0.0,0,0,0,0.0,2025-08-11,tal,0.0,lin,,,,,,,,
0,0.0,0.0,0.0,0.0,0.0,0.0,0.0,0.0,0.0,0.0,0.0,0.0,0,0.0,0,0,0,0.0,2025-08-12,tal,0.0,lin,,,,,,,,
0,0.0,0.0,0.0,0.0,0.0,0.0,0.0,0.0,0.0,0.0,0.0,0.0,0,0.0,0,0,0,0.0,2025-08-13,tal,0.0,lin,,,,,,,,
0,0.0,0.0,0.0,0.0,0.0,0.0,0.0,0.0,0.0,0.0,0.0,0.0,0,0.0,0,0,0,0.0,2025-08-14,tal,0.0,lin,,,,,,,,
0,0.0,0.0,0.0,0.0,0.0,0.0,0.0,0.0,0.0,0.0,0.0,0.0,0,0.0,0,0,0,0.0,2025-08-15,tal,0.0,lin,,,,,,,,
0,0.0,0.0,0.0,0.0,0.0,0.0,0.0,0.0,0.0,0.0,0.0,0.0,0,0.0,0,0,0,0.0,2025-08-16,tal,0.0,lin,,,,,,,,
0,0.0,0.0,0.0,0.0,0.0,0.0,0.0,0.0,0.0,0.0,0.0,0.0,0,0.0,0,0,0,0.0,2025-08-17,tal,0.0,lin,,,,,,,,
0,0.0,0.0,0.0,0.0,0.0,0.0,0.0,0.0,0.0,0.0,0.0,0.0,0,0.0,0,0,0,0.0,2025-08-18,tal,0.0,lin,,,,,,,,
0,0.0,0.0,0.0,0.0,0.0,0.0,0.0,0.0,0.0,0.0,0.0,0.0,0,0.0,0,0,0,0.0,2025-08-19,tal,0.0,lin,,,,,,,,
0,0.0,0.0,0.0,0.0,0.0,0.0,0.0,0.0,0.0,0.0,0.0,0.0,0,0.0,0,0,0,0.0,2025-08-20,tal,0.0,lin,,,,,,,,
0,0.0,0.0,0.0,0.0,0.0,0.0,0.0,0.0,0.0,0.0,0.0,0.0,0,0.0,0,0,0,0.0,2025-08-21,tal,0.0,lin,,,,,,,,
5,9.0,7.0,0.0,0.0,2.0,1.0,22.0,0.0,22.0,7.0,0.0,7.0,0,0.0,0,0,0,0.0,2025-08-22,tal,0.0,lin,,,,,,,,
0,0.0,0.0,0.0,0.0,0.0,0.0,0.0,0.0,0.0,0.0,0.0,0.0,0,0.0,0,0,0,0.0,2025-08-23,tal,0.0,lin,,,,,,,,
1,2.0,1.0,0.0,0.0,0.0,0.0,0.0,2.0,2.0,0.0,1.0,1.0,0,0.0,0,0,0,0.0,2025-08-24,tal,0.0,lin,,,,,,,,
0,0.0,0.0,0.0,0.0,0.0,0.0,0.0,0.0,0.0,0.0,0.0,0.0,0,0.0,0,0,0,0.0,2025-08-25,tal,0.0,lin,,,,,,,,
0,0.0,0.0,0.0,0.0,0.0,0.0,0.0,0.0,0.0,0.0,0.0,0.0,0,0.0,0,0,0,0.0,2025-08-26,tal,0.0,lin,,,,,,,,
0,0.0,0.0,0.0,0.0,0.0,0.0,0.0,0.0,0.0,0.0,0.0,0.0,0,0.0,0,0,0,0.0,2025-08-27,tal,0.0,lin,,,,,,,,
0,0.0,0.0,0.0,0.0,0.0,0.0,0.0,0.0,0.0,0.0,0.0,0.0,0,0.0,0,0,0,0.0,2025-08-28,tal,0.0,lin,,,,,,,,
1,0.0,0.0,0.0,0.0,0.0,0.0,0.0,0.0,0.0,0.0,0.0,0.0,0,0.0,0,0,0,0.0,2025-08-29,tal,0.0,lin,,,,,,,,
0,0.0,0.0,0.0,0.0,0.0,0.0,0.0,0.0,0.0,0.0,0.0,0.0,0,0.0,0,0,0,0.0,2025-08-30,tal,0.0,lin,,,,,,,,
0,0.0,0.0,0.0,0.0,0.0,0.0,0.0,0.0,0.0,0.0,0.0,0.0,0,0.0,0,0,0,0.0,2025-08-31,tal,0.0,lin,,,,,,,,
0,0.0,0.0,0.0,0.0,0.0,0.0,0.0,0.0,0.0,0.0,0.0,0.0,0,0.0,0,0,0,0.0,2025-09-01,tal,0.0,lin,,,,,,,,
0,0.0,0.0,0.0,0.0,0.0,0.0,0.0,0.0,0.0,0.0,0.0,0.0,0,0.0,0,0,0,0.0,2025-09-02,tal,0.0,lin,,,,,,,,
0,7.0,1.0,0.0,0.0,1.0,1.0,10.0,0.0,10.0,1.0,0.0,1.0,9,2.0,3,1,0,0.6666666666666666,2025-09-03,tal,6.0,lin,,,,,,,,
2,9.0,5.0,0.0,0.0,4.0,4.0,20.0,3.0,23.0,4.0,2.0,6.0,21,0.0,2,0,0,0.09523809523809523,2025-09-04,tal,2.0,lin,,,,,,,,
3,4.0,4.0,0.0,0.0,0.0,0.0,7.0,0.0,7.0,4.0,0.0,4.0,13,1.0,2,0,0,0.23076923076923078,2025-09-05,tal,3.0,lin,,,,,,,,
1,2.0,1.0,0.0,0.0,0.0,0.0,2.0,0.0,2.0,1.0,0.0,1.0,2,0.0,0,0,0,0.0,2025-09-06,tal,0.0,lin,,,,,,,,
0,0.0,0.0,0.0,0.0,1.0,1.0,0.0,1.0,1.0,0.0,1.0,1.0,6,1.0,0,0,0,0.16666666666666666,2025-09-07,tal,1.0,lin,,,,,,,,
1,4.0,3.0,0.0,0.0,0.0,0.0,1.0,3.0,4.0,1.0,2.0,3.0,2,0.0,0,0,0,0.0,2025-09-08,tal,0.0,lin,,,,,,,,
0,1.0,1.0,0.0,0.0,0.0,0.0,0.0,1.0,1.0,0.0,1.0,1.0,4,0.0,0,0,0,0.0,2025-09-09,tal,0.0,lin,,,,,,,,
1,0.0,0.0,0.0,0.0,2.0,1.0,0.0,2.0,2.0,0.0,1.0,1.0,0,0.0,0,0,0,0.0,2025-09-10,tal,0.0,lin,,,,,,,,
0,1.0,1.0,0.0,0.0,0.0,0.0,1.0,0.0,1.0,1.0,0.0,1.0,1,0.0,0,0,0,0.0,2025-09-11,tal,0.0,lin,,,,,,,,
1,0.0,0.0,0.0,0.0,0.0,0.0,0.0,0.0,0.0,0.0,0.0,0.0,0,0.0,0,0,0,0.0,2025-09-12,tal,0.0,lin,,,,,,,,
0,0.0,0.0,0.0,0.0,0.0,0.0,0.0,0.0,0.0,0.0,0.0,0.0,0,0.0,0,0,0,0.0,2025-09-13,tal,0.0,lin,,,,,,,,
1,3.0,1.0,0.0,0.0,1.0,1.0,0.0,4.0,4.0,0.0,1.0,1.0,0,0.0,0,0,0,0.0,2025-09-14,tal,0.0,lin,,,,,,,,
0,2.0,2.0,0.0,0.0,0.0,0.0,2.0,1.0,3.0,1.0,1.0,2.0,0,0.0,0,0,0,0.0,2025-09-15,tal,0.0,lin,,,,,,,,
1,2.0,2.0,0.0,0.0,2.0,2.0,4.0,3.0,7.0,1.0,1.0,2.0,1,0.0,0,0,0,0.0,2025-09-16,tal,0.0,lin,,,,,,,,
0,1.0,1.0,0.0,0.0,1.0,1.0,0.0,2.0,2.0,0.0,1.0,1.0,2,0.0,0,0,0,0.0,2025-09-17,tal,0.0,lin,,,,,,,,
2,0.0,0.0,0.0,0.0,1.0,1.0,1.0,2.0,3.0,1.0,2.0,3.0,316,234.0,18,4,1,0.8132911392405063,2025-09-18,tal,257.0,lin,,,,,,,,
1,10.0,6.0,0.0,0.0,3.0,3.0,6.0,12.0,18.0,3.0,3.0,6.0,237,103.0,1,0,0,0.4388185654008439,2025-09-19,tal,104.0,lin,,,,,,,,
0,2.0,2.0,0.0,0.0,1.0,1.0,2.0,1.0,3.0,1.0,1.0,2.0,47,17.0,0,0,0,0.3617021276595745,2025-09-20,tal,17.0,lin,,,,,,,,
0,0.0,0.0,0.0,0.0,0.0,0.0,0.0,0.0,0.0,0.0,0.0,0.0,12,7.0,0,0,0,0.5833333333333334,2025-09-21,tal,7.0,lin,,,,,,,,
1,3.0,2.0,0.0,0.0,2.0,1.0,1.0,8.0,9.0,1.0,1.0,2.0,61,41.0,0,0,0,0.6721311475409836,2025-09-22,tal,41.0,lin,,,,,,,,
1,0.0,0.0,0.0,0.0,0.0,0.0,0.0,0.0,0.0,0.0,0.0,0.0,63,31.0,0,0,0,0.49206349206349204,2025-09-23,tal,31.0,lin,,,,,,,,
1,3.0,3.0,0.0,0.0,1.0,1.0,1.0,3.0,4.0,1.0,2.0,3.0,49,1.0,0,0,0,0.02040816326530612,2025-09-24,tal,0.9999999999999999,lin,,,,,,,,
0,3.0,2.0,0.0,0.0,2.0,2.0,3.0,4.0,7.0,1.0,2.0,3.0,21,4.0,0,0,0,0.19047619047619047,2025-09-25,tal,4.0,lin,,,,,,,,
0,2.0,2.0,0.0,0.0,1.0,1.0,7.0,0.0,7.0,2.0,0.0,2.0,26,9.0,0,0,0,0.34615384615384615,2025-09-26,tal,9.0,lin,,,,,,,,
0,1.0,1.0,0.0,0.0,0.0,0.0,0.0,1.0,1.0,0.0,1.0,1.0,11,4.0,0,0,0,0.36363636363636365,2025-09-27,tal,4.0,lin,,,,,,,,
0,0.0,0.0,0.0,0.0,0.0,0.0,0.0,0.0,0.0,0.0,0.0,0.0,6,2.0,0,0,0,0.3333333333333333,2025-09-28,tal,2.0,lin,,,,,,,,
2,3.0,1.0,0.0,0.0,0.0,0.0,0.0,3.0,3.0,0.0,1.0,1.0,48,35.0,1,0,0,0.75,2025-09-29,tal,36.0,lin,,,,,,,,
1,1.0,1.0,0.0,0.0,2.0,2.0,0.0,3.0,3.0,0.0,3.0,3.0,36,5.0,0,0,0,0.1388888888888889,2025-09-30,tal,5.0,lin,,,,,,,,
5,10.0,8.0,0.0,0.0,2.0,2.0,8.0,7.0,15.0,4.0,4.0,8.0,32,10.0,0,0,0,0.3125,2025-10-01,tal,10.0,lin,,,,,,,,
0,5.0,3.0,0.0,0.0,3.0,2.0,3.0,9.0,12.0,1.0,2.0,3.0,34,44.0,0,0,0,1.2941176470588236,2025-10-02,tal,44.0,lin,,,,,,,,
0,6.0,4.0,0.0,0.0,2.0,2.0,2.0,9.0,11.0,1.0,3.0,4.0,30,13.0,0,0,0,0.43333333333333335,2025-10-03,tal,13.0,lin,,,,,,,,
0,1.0,1.0,0.0,0.0,2.0,1.0,0.0,6.0,6.0,0.0,2.0,2.0,18,29.0,0,0,0,1.6111111111111112,2025-10-04,tal,29.0,lin,,,,,,,,
0,1.0,1.0,0.0,0.0,0.0,0.0,0.0,1.0,1.0,0.0,1.0,1.0,5,0.0,0,0,0,0.0,2025-10-05,tal,0.0,lin,,,,,,,,
1,2.0,2.0,0.0,0.0,0.0,0.0,0.0,2.0,2.0,0.0,2.0,2.0,124,24.0,8,1,1,0.27419354838709675,2025-10-06,tal,34.0,lin,,,,,,,,
4,6.0,5.0,0.0,0.0,6.0,6.0,7.0,7.0,14.0,4.0,5.0,9.0,407,80.0,9,7,0,0.23587223587223588,2025-10-07,tal,96.0,lin,,,,,,,,
2,19.0,7.0,0.0,0.0,5.0,5.0,16.0,15.0,31.0,4.0,7.0,11.0,475,40.0,8,2,3,0.11157894736842106,2025-10-08,tal,53.0,lin,,,,,,,,
3,2.0,1.0,0.0,0.0,5.0,3.0,4.0,7.0,11.0,1.0,3.0,4.0,114,3.0,0,0,0,0.02631578947368421,2025-10-09,tal,3.0,lin,,,,,,,,
1,13.0,10.0,0.0,0.0,5.0,4.0,8.0,10.0,18.0,6.0,5.0,11.0,155,8.0,6,1,0,0.0967741935483871,2025-10-10,tal,15.0,lin,,,,,,,,
1,8.0,3.0,0.0,0.0,2.0,2.0,0.0,11.0,11.0,0.0,3.0,3.0,72,13.0,1,0,0,0.19444444444444445,2025-10-11,tal,14.0,lin,,,,,,,,
1,5.0,2.0,0.0,0.0,2.0,2.0,3.0,12.0,15.0,1.0,3.0,4.0,42,9.0,0,0,0,0.21428571428571427,2025-10-12,tal,9.0,lin,,,,,,,,
3,3.0,3.0,0.0,0.0,3.0,2.0,0.0,9.0,9.0,0.0,4.0,4.0,101,9.0,2,1,0,0.1188118811881188,2025-10-13,tal,12.0,lin,,,,,,,,
1,5.0,4.0,0.0,0.0,4.0,3.0,2.0,7.0,9.0,1.0,4.0,5.0,75,15.0,0,0,0,0.2,2025-10-14,tal,15.0,lin,,,,,,,,
1,5.0,4.0,0.0,0.0,0.0,0.0,0.0,8.0,8.0,0.0,4.0,4.0,65,7.0,0,0,0,0.1076923076923077,2025-10-15,tal,7.0,lin,,,,,,,,
2,8.0,6.0,0.0,0.0,7.0,7.0,4.0,15.0,19.0,2.0,9.0,11.0,335,30.0,9,3,0,0.1253731343283582,2025-10-16,tal,42.0,lin,,,,,,,,
1,11.0,6.0,0.0,0.0,2.0,2.0,3.0,15.0,18.0,1.0,8.0,9.0,237,14.0,4,2,0,0.08438818565400844,2025-10-17,tal,20.0,lin,,,,,,,,
2,2.0,2.0,0.0,0.0,5.0,4.0,0.0,7.0,7.0,0.0,6.0,6.0,47,4.0,2,0,0,0.1276595744680851,2025-10-18,tal,5.999999999999999,lin,,,,,,,,
0,0.0,0.0,0.0,0.0,0.0,0.0,0.0,0.0,0.0,0.0,0.0,0.0,27,0.0,0,0,0,0.0,2025-10-19,tal,0.0,lin,,,,,,,,
1,3.0,2.0,0.0,0.0,5.0,2.0,2.0,7.0,9.0,1.0,2.0,3.0,285,63.0,12,5,0,0.2807017543859649,2025-10-20,tal,80.0,lin,,,,,,,,
0,19.0,5.0,0.0,0.0,1.0,1.0,16.0,4.0,20.0,2.0,4.0,6.0,389,50.0,5,0,1,0.14395886889460155,2025-10-21,tal,56.0,lin,,,,,,,,
0,4.0,3.0,0.0,0.0,1.0,1.0,6.0,3.0,9.0,2.0,3.0,5.0,117,31.0,1,0,0,0.27350427350427353,2025-10-22,tal,32.0,lin,,,,,,,,
1,6.0,2.0,0.0,0.0,0.0,0.0,7.0,0.0,7.0,2.0,0.0,2.0,91,13.0,1,0,0,0.15384615384615385,2025-10-23,tal,14.0,lin,,,,,,,,
0,8.0,7.0,0.0,0.0,4.0,3.0,4.0,11.0,15.0,3.0,5.0,8.0,111,11.0,1,0,0,0.10810810810810811,2025-10-24,tal,12.0,lin,,,,,,,,
0,1.0,1.0,0.0,0.0,0.0,0.0,0.0,2.0,2.0,0.0,1.0,1.0,35,2.0,0,0,0,0.05714285714285714,2025-10-25,tal,2.0,lin,,,,,,,,
0,0.0,0.0,0.0,0.0,0.0,0.0,0.0,0.0,0.0,0.0,0.0,0.0,35,3.0,2,0,0,0.14285714285714285,2025-10-26,tal,5.0,lin,,,,,,,,
2,6.0,4.0,0.0,0.0,1.0,1.0,5.0,5.0,10.0,2.0,2.0,4.0,65,1.0,0,0,0,0.015384615384615385,2025-10-27,tal,1.0,lin,,,,,,,,
1,6.0,4.0,0.0,0.0,2.0,2.0,10.0,0.0,10.0,4.0,0.0,4.0,55,9.0,0,0,0,0.16363636363636364,2025-10-28,tal,9.0,lin,,,,,,,,
0,4.0,3.0,0.0,0.0,1.0,1.0,3.0,4.0,7.0,2.0,1.0,3.0,58,3.0,0,0,0,0.05172413793103448,2025-10-29,tal,3.0,lin,,,,,,,,
2,6.0,5.0,0.0,0.0,4.0,3.0,4.0,11.0,15.0,4.0,3.0,7.0,102,7.0,0,0,0,0.06862745098039216,2025-10-30,tal,7.000000000000001,lin,,,,,,,,
0,3.0,3.0,0.0,0.0,2.0,2.0,4.0,1.0,5.0,3.0,1.0,4.0,126,36.0,5,0,0,0.3253968253968254,2025-10-31,tal,41.0,lin,,,,,,,,
0,0.0,0.0,0.0,0.0,0.0,0.0,0.0,0.0,0.0,0.0,0.0,0.0,47,35.0,2,0,0,0.7872340425531915,2025-11-01,tal,37.0,lin,,,,,,,,
0,0.0,0.0,0.0,0.0,0.0,0.0,0.0,0.0,0.0,0.0,0.0,0.0,14,1.0,0,0,0,0.07142857142857142,2025-11-02,tal,1.0,lin,,,,,,,,
0,10.0,5.0,0.0,0.0,3.0,3.0,5.0,10.0,15.0,2.0,5.0,7.0,153,70.0,3,0,1,0.48366013071895425,2025-11-03,tal,74.0,lin,,,,,,,,
0,0.0,0.0,0.0,0.0,0.0,0.0,0.0,1.0,1.0,0.0,1.0,1.0,31,18.0,2,0,0,0.6451612903225806,2025-11-04,tal,20.0,lin,,,,,,,,
0,3.0,3.0,0.0,0.0,4.0,3.0,3.0,4.0,7.0,2.0,2.0,4.0,55,11.0,0,0,0,0.2,2025-11-05,tal,11.0,lin,,,,,,,,
0,2.0,2.0,0.0,0.0,0.0,0.0,0.0,2.0,2.0,0.0,2.0,2.0,21,0.0,0,0,0,0.0,2025-11-06,tal,0.0,lin,,,,,,,,
1,2.0,2.0,0.0,0.0,0.0,0.0,2.0,1.0,3.0,1.0,1.0,2.0,45,19.0,0,0,0,0.4222222222222222,2025-11-07,tal,19.0,lin,,,,,,,,
0,0.0,0.0,0.0,0.0,0.0,0.0,0.0,0.0,0.0,0.0,0.0,0.0,2,0.0,0,0,0,0.0,2025-11-08,tal,0.0,lin,,,,,,,,
0,1.0,1.0,0.0,0.0,0.0,0.0,0.0,1.0,1.0,0.0,1.0,1.0,9,0.0,0,0,0,0.0,2025-11-09,tal,0.0,lin,,,,,,,,
0,1.0,1.0,0.0,0.0,1.0,1.0,0.0,2.0,2.0,0.0,1.0,1.0,12,0.0,0,0,0,0.0,2025-11-10,tal,0.0,lin,,,,,,,,
2,3.0,3.0,0.0,0.0,1.0,1.0,2.0,2.0,4.0,1.0,2.0,3.0,15,0.0,0,0,0,0.0,2025-11-11,tal,0.0,lin,,,,,,,,
1,6.0,4.0,0.0,0.0,0.0,0.0,4.0,2.0,6.0,2.0,2.0,4.0,22,0.0,0,0,0,0.0,2025-11-12,tal,0.0,lin,,,,,,,,
0,4.0,4.0,0.0,0.0,2.0,2.0,5.0,1.0,6.0,4.0,1.0,5.0,19,0.0,0,0,0,0.0,2025-11-13,tal,0.0,lin,,,,,,,,
1,0.0,0.0,0.0,0.0,0.0,0.0,0.0,0.0,0.0,0.0,0.0,0.0,5,0.0,0,0,0,0.0,2025-11-14,tal,0.0,lin,,,,,,,,
0,0.0,0.0,0.0,0.0,0.0,0.0,0.0,0.0,0.0,0.0,0.0,0.0,0,0.0,0,0,0,0.0,2025-11-15,tal,0.0,lin,,,,,,,,
0,1.0,1.0,0.0,0.0,1.0,1.0,0.0,2.0,2.0,0.0,1.0,1.0,0,0.0,0,0,0,0.0,2025-11-16,tal,0.0,lin,,,,,,,,
0,0.0,0.0,0.0,0.0,0.0,0.0,0.0,0.0,0.0,0.0,0.0,0.0,8,7.0,2,0,0,1.125,2025-11-17,tal,9.0,lin,,,,,,,,
1,2.0,2.0,0.0,0.0,1.0,1.0,1.0,2.0,3.0,1.0,1.0,2.0,19,4.0,1,0,0,0.2631578947368421,2025-11-18,tal,5.0,lin,,,,,,,,
1,8.0,4.0,0.0,0.0,3.0,3.0,11.0,2.0,13.0,3.0,1.0,4.0,20,12.0,2,0,0,0.7,2025-11-19,tal,14.0,lin,,,,,,,,
1,13.0,8.0,0.0,0.0,5.0,4.0,8.0,13.0,21.0,4.0,4.0,8.0,42,12.0,0,0,0,0.2857142857142857,2025-11-20,tal,12.0,lin,,,,,,,,
0,4.0,4.0,0.0,0.0,1.0,1.0,3.0,3.0,6.0,2.0,2.0,4.0,8,0.0,0,0,0,0.0,2025-11-21,tal,0.0,lin,,,,,,,,
0,0.0,0.0,0.0,0.0,0.0,0.0,0.0,0.0,0.0,0.0,0.0,0.0,1,0.0,0,0,0,0.0,2025-11-22,tal,0.0,lin,,,,,,,,
0,0.0,0.0,0.0,0.0,0.0,0.0,0.0,0.0,0.0,0.0,0.0,0.0,0,0.0,0,0,0,0.0,2025-11-23,tal,0.0,lin,,,,,,,,
2,7.0,3.0,0.0,0.0,1.0,1.0,3.0,6.0,9.0,1.0,3.0,4.0,0,0.0,0,0,0,0.0,2025-11-24,tal,0.0,lin,,,,,,,,
1,3.0,2.0,0.0,0.0,0.0,0.0,3.0,0.0,3.0,2.0,0.0,2.0,3,0.0,0,0,0,0.0,2025-11-25,tal,0.0,lin,,,,,,,,
1,2.0,2.0,0.0,0.0,2.0,2.0,3.0,2.0,5.0,1.0,1.0,2.0,9,1.0,0,0,0,0.1111111111111111,2025-11-26,tal,1.0,lin,,,,,,,,
1,0.0,0.0,0.0,0.0,0.0,0.0,0.0,0.0,0.0,0.0,0.0,0.0,4,0.0,0,0,0,0.0,2025-11-27,tal,0.0,lin,,,,,,,,
2,7.0,5.0,0.0,0.0,2.0,2.0,1.0,8.0,9.0,1.0,4.0,5.0,18,0.0,0,0,0,0.0,2025-11-28,tal,0.0,lin,,,,,,,,
0,5.0,3.0,0.0,0.0,1.0,1.0,2.0,4.0,6.0,1.0,2.0,3.0,7,0.0,0,0,0,0.0,2025-11-29,tal,0.0,lin,,,,,,,,
0,1.0,1.0,0.0,0.0,1.0,1.0,0.0,2.0,2.0,0.0,2.0,2.0,4,1.0,0,0,0,0.25,2025-11-30,tal,1.0,lin,,,,,,,,
3,1.0,1.0,0.0,0.0,1.0,1.0,0.0,2.0,2.0,0.0,1.0,1.0,6,4.0,0,0,0,0.6666666666666666,2025-12-01,tal,4.0,lin,,,,,,,,
0,5.0,4.0,0.0,0.0,2.0,2.0,5.0,4.0,9.0,2.0,2.0,4.0,18,0.0,0,0,0,0.0,2025-12-02,tal,0.0,lin,,,,,,,,
1,3.0,2.0,0.0,0.0,2.0,2.0,7.0,2.0,9.0,2.0,1.0,3.0,9,0.0,0,0,0,0.0,2025-12-03,tal,0.0,lin,,,,,,,,
0,2.0,1.0,0.0,0.0,0.0,0.0,0.0,2.0,2.0,0.0,1.0,1.0,0,0.0,0,0,0,0.0,2025-12-04,tal,0.0,lin,,,,,,,,
0,0.0,0.0,0.0,0.0,0.0,0.0,0.0,0.0,0.0,0.0,0.0,0.0,4,0.0,0,0,0,0.0,2025-12-05,tal,0.0,lin,,,,,,,,
0,2.0,2.0,0.0,0.0,1.0,1.0,1.0,2.0,3.0,1.0,1.0,2.0,7,0.0,0,0,0,0.0,2025-12-06,tal,0.0,lin,,,,,,,,
1,0.0,0.0,0.0,0.0,0.0,0.0,0.0,0.0,0.0,0.0,0.0,0.0,0,0.0,0,0,0,0.0,2025-12-07,tal,0.0,lin,,,,,,,,
2,1.0,1.0,0.0,0.0,0.0,0.0,1.0,0.0,1.0,1.0,0.0,1.0,39,18.0,0,0,0,0.46153846153846156,2025-12-08,tal,18.0,lin,,,,,,,,
1,2.0,2.0,0.0,0.0,2.0,2.0,4.0,0.0,4.0,2.0,0.0,2.0,2,0.0,0,0,0,0.0,2025-12-09,tal,0.0,lin,,,,,,,,
2,8.0,4.0,0.0,0.0,2.0,2.0,6.0,8.0,14.0,3.0,1.0,4.0,23,0.0,0,0,0,0.0,2025-12-10,tal,0.0,lin,,,,,,,,
1,4.0,4.0,0.0,0.0,1.0,1.0,4.0,1.0,5.0,3.0,1.0,4.0,11,0.0,0,0,0,0.0,2025-12-11,tal,0.0,lin,,,,,,,,
0,0.0,0.0,0.0,0.0,0.0,0.0,0.0,1.0,1.0,0.0,1.0,1.0,0,0.0,0,0,0,0.0,2025-12-12,tal,0.0,lin,,,,,,,,
0,0.0,0.0,0.0,0.0,0.0,0.0,0.0,0.0,0.0,0.0,0.0,0.0,0,0.0,0,0,0,0.0,2025-12-13,tal,0.0,lin,,,,,,,,
1,1.0,1.0,0.0,0.0,0.0,0.0,1.0,0.0,1.0,1.0,0.0,1.0,18,0.0,0,0,0,0.0,2025-12-14,tal,0.0,lin,,,,,,,,
0,3.0,1.0,0.0,0.0,0.0,0.0,3.0,0.0,3.0,1.0,0.0,1.0,22,0.0,0,0,0,0.0,2025-12-15,tal,0.0,lin,,,,,,,,
0,0.0,0.0,0.0,0.0,0.0,0.0,0.0,0.0,0.0,0.0,0.0,0.0,0,0.0,0,0,0,0.0,2025-12-16,tal,0.0,lin,,,,,,,,
1,0.0,0.0,0.0,0.0,0.0,0.0,0.0,0.0,0.0,0.0,0.0,0.0,0,0.0,0,0,0,0.0,2025-12-17,tal,0.0,lin,,,,,,,,
0,4.0,2.0,0.0,0.0,2.0,2.0,0.0,8.0,8.0,0.0,2.0,2.0,14,6.0,0,0,0,0.42857142857142855,2025-12-18,tal,6.0,lin,,,,,,,,
0,2.0,1.0,0.0,0.0,1.0,1.0,4.0,0.0,4.0,1.0,0.0,1.0,9,0.0,1,0,0,0.1111111111111111,2025-12-19,tal,1.0,lin,,,,,,,,
0,0.0,0.0,0.0,0.0,0.0,0.0,0.0,0.0,0.0,0.0,0.0,0.0,0,0.0,0,0,0,0.0,2025-12-20,tal,0.0,lin,,,,,,,,
1,0.0,0.0,0.0,0.0,0.0,0.0,0.0,0.0,0.0,0.0,0.0,0.0,0,0.0,0,0,0,0.0,2025-12-21,tal,0.0,lin,,,,,,,,
0,2.0,1.0,0.0,0.0,2.0,1.0,0.0,4.0,4.0,0.0,1.0,1.0,21,10.0,0,0,0,0.47619047619047616,2025-12-22,tal,10.0,lin,,,,,,,,
0,1.0,1.0,0.0,0.0,2.0,2.0,0.0,4.0,4.0,0.0,3.0,3.0,16,1.0,0,0,0,0.0625,2025-12-23,tal,1.0,lin,,,,,,,,
0,0.0,0.0,0.0,0.0,0.0,0.0,0.0,0.0,0.0,0.0,0.0,0.0,0,0.0,0,0,0,0.0,2025-12-24,tal,0.0,lin,,,,,,,,
0,0.0,0.0,0.0,0.0,0.0,0.0,0.0,0.0,0.0,0.0,0.0,0.0,0,0.0,0,0,0,0.0,2025-12-25,tal,0.0,lin,,,,,,,,
0,0.0,0.0,0.0,0.0,0.0,0.0,0.0,0.0,0.0,0.0,0.0,0.0,0,0.0,0,0,0,0.0,2025-12-26,tal,0.0,lin,,,,,,,,
0,0.0,0.0,0.0,0.0,0.0,0.0,0.0,0.0,0.0,0.0,0.0,0.0,0,0.0,0,0,0,0.0,2025-12-27,tal,0.0,lin,,,,,,,,
0,0.0,0.0,0.0,0.0,0.0,0.0,0.0,0.0,0.0,0.0,0.0,0.0,0,0.0,0,0,0,0.0,2025-12-28,tal,0.0,lin,,,,,,,,
0,0.0,0.0,0.0,0.0,0.0,0.0,0.0,0.0,0.0,0.0,0.0,0.0,0,0.0,0,0,0,0.0,2025-12-29,tal,0.0,lin,,,,,,,,
1,0.0,0.0,0.0,0.0,0.0,0.0,0.0,0.0,0.0,0.0,0.0,0.0,0,0.0,0,0,0,0.0,2025-12-30,tal,0.0,lin,,,,,,,,
0,0.0,0.0,0.0,0.0,0.0,0.0,0.0,0.0,0.0,0.0,0.0,0.0,3,0.0,0,0,0,0.0,2025-12-31,tal,0.0,lin,,,,,,,,
0,0.0,0.0,0.0,0.0,0.0,0.0,0.0,0.0,0.0,0.0,0.0,0.0,0,0.0,0,0,0,0.0,2026-01-01,nvai,0.0,lin,,,,,,,,
0,0.0,0.0,0.0,0.0,0.0,0.0,0.0,0.0,0.0,0.0,0.0,0.0,4,0.0,0,0,0,0.0,2026-01-02,nvai,0.0,lin,,,,,,,,
0,0.0,0.0,0.0,0.0,0.0,0.0,0.0,0.0,0.0,0.0,0.0,0.0,0,0.0,0,0,0,0.0,2026-01-03,nvai,0.0,lin,,,,,,,,
0,1.0,1.0,0.0,0.0,0.0,0.0,0.0,1.0,1.0,0.0,1.0,1.0,0,0.0,0,0,0,0.0,2026-01-04,nvai,0.0,lin,,,,,,,,
0,0.0,0.0,0.0,0.0,0.0,0.0,0.0,0.0,0.0,0.0,0.0,0.0,0,0.0,0,0,0,0.0,2026-01-05,nvai,0.0,lin,,,,,,,,
0,1.0,1.0,0.0,0.0,0.0,0.0,0.0,1.0,1.0,0.0,1.0,1.0,0,0.0,0,0,0,0.0,2026-01-06,nvai,0.0,lin,,,,,,,,
1,4.0,2.0,0.0,0.0,1.0,1.0,0.0,9.0,9.0,0.0,2.0,2.0,7,0.0,0,0,0,0.0,2026-01-07,nvai,0.0,lin,,,,,,,,
0,0.0,0.0,0.0,0.0,0.0,0.0,0.0,0.0,0.0,0.0,0.0,0.0,0,0.0,0,0,0,0.0,2026-01-08,nvai,0.0,lin,,,,,,,,
0,3.0,2.0,0.0,0.0,1.0,1.0,9.0,0.0,9.0,2.0,0.0,2.0,1,0.0,0,0,0,0.0,2026-01-09,nvai,0.0,lin,,,,,,,,
0,0.0,0.0,0.0,0.0,0.0,0.0,0.0,0.0,0.0,0.0,0.0,0.0,0,0.0,0,0,0,0.0,2026-01-10,nvai,0.0,lin,,,,,,,,
0,0.0,0.0,0.0,0.0,0.0,0.0,0.0,0.0,0.0,0.0,0.0,0.0,0,0.0,0,0,0,0.0,2026-01-11,nvai,0.0,lin,,,,,,,,
0,2.0,1.0,0.0,0.0,0.0,0.0,3.0,0.0,3.0,1.0,0.0,1.0,53,1.0,1,0,0,0.03773584905660377,2026-01-12,nvai,2.0,lin,,,,,,,,
0,2.0,1.0,0.0,0.0,0.0,0.0,3.0,0.0,3.0,1.0,0.0,1.0,2,0.0,0,0,0,0.0,2026-01-13,nvai,0.0,lin,,,,,,,,
1,0.0,0.0,0.0,0.0,0.0,0.0,0.0,0.0,0.0,0.0,0.0,0.0,2,0.0,0,0,0,0.0,2026-01-14,nvai,0.0,lin,,,,,,,,
0,6.0,3.0,0.0,0.0,0.0,0.0,6.0,1.0,7.0,2.0,1.0,3.0,11,1.0,0,0,0,0.09090909090909091,2026-01-15,nvai,1.0,lin,,,,,,,,
0,2.0,2.0,0.0,0.0,0.0,0.0,2.0,0.0,2.0,2.0,0.0,2.0,1,0.0,0,0,0,0.0,2026-01-16,nvai,0.0,lin,,,,,,,,
0,0.0,0.0,0.0,0.0,0.0,0.0,0.0,0.0,0.0,0.0,0.0,0.0,1,0.0,0,0,0,0.0,2026-01-17,nvai,0.0,lin,,,,,,,,
1,1.0,1.0,0.0,0.0,1.0,1.0,0.0,5.0,5.0,0.0,1.0,1.0,2,1.0,0,0,0,0.5,2026-01-18,nvai,1.0,lin,,,,,,,,
1,6.0,4.0,0.0,0.0,3.0,2.0,7.0,50.0,57.0,2.0,2.0,4.0,30,2.0,0,0,0,0.06666666666666667,2026-01-19,nvai,2.0,lin,,,,,,,,
0,1.0,1.0,0.0,0.0,1.0,1.0,0.0,4.0,4.0,0.0,1.0,1.0,311,6.0,1,0,0,0.022508038585209004,2026-01-20,nvai,7.0,lin,,,,,,,,
6,8.0,5.0,0.0,0.0,0.0,0.0,9.0,4.0,13.0,4.0,2.0,6.0,731,12.0,5,0,0,0.023255813953488372,2026-01-21,nvai,17.0,lin,,,,,,,,
0,2.0,2.0,0.0,0.0,3.0,2.0,8.0,1.0,9.0,2.0,1.0,3.0,76,9.0,4,0,0,0.17105263157894737,2026-01-22,nvai,13.0,lin,,,,,,,,
0,3.0,2.0,0.0,0.0,0.0,0.0,3.0,1.0,4.0,1.0,1.0,2.0,67,7.0,0,0,0,0.1044776119402985,2026-01-23,nvai,7.0,lin,,,,,,,,
0,0.0,0.0,0.0,0.0,0.0,0.0,0.0,0.0,0.0,0.0,0.0,0.0,26,1.0,0,0,0,0.038461538461538464,2026-01-24,nvai,1.0,lin,,,,,,,,
0,0.0,0.0,0.0,0.0,0.0,0.0,0.0,0.0,0.0,0.0,0.0,0.0,13,0.0,0,0,0,0.0,2026-01-25,nvai,0.0,lin,,,,,,,,
0,1.0,1.0,0.0,0.0,0.0,0.0,1.0,0.0,1.0,1.0,0.0,1.0,16,0.0,0,0,0,0.0,2026-01-26,nvai,0.0,lin,,,,,,,,
2,3.0,3.0,0.0,0.0,0.0,0.0,3.0,0.0,3.0,3.0,0.0,3.0,90,13.0,2,0,1,0.17777777777777778,2026-01-27,nvai,16.0,lin,,,,,,,,
0,10.0,3.0,0.0,0.0,0.0,0.0,6.0,13.0,19.0,2.0,3.0,4.0,201,20.0,6,0,0,0.12935323383084577,2026-01-28,nvai,26.0,lin,,,,,,,,
0,1.0,1.0,0.0,0.0,0.0,0.0,1.0,0.0,1.0,1.0,0.0,1.0,119,3.0,1,0,0,0.03361344537815126,2026-01-29,nvai,4.0,lin,,,,,,,,
5,9.0,4.0,0.0,0.0,0.0,0.0,4.0,6.0,10.0,2.0,2.0,4.0,117,18.0,1,2,0,0.1794871794871795,2026-01-30,nvai,21.0,lin,,,,,,,,
1,2.0,1.0,0.0,0.0,0.0,0.0,0.0,2.0,2.0,0.0,1.0,1.0,127,14.0,0,0,0,0.11023622047244094,2026-01-31,nvai,14.0,lin,,,,,,,,
0,1.0,1.0,0.0,0.0,1.0,1.0,0.0,2.0,2.0,0.0,2.0,2.0,131,13.0,1,0,0,0.10687022900763359,2026-02-01,nvai,14.0,lin,,,,,,,,
1,2.0,1.0,0.0,0.0,0.0,0.0,0.0,2.0,2.0,0.0,1.0,1.0,138,14.0,1,0,0,0.10869565217391304,2026-02-02,nvai,15.0,lin,,,,,,,,
1,3.0,3.0,0.0,0.0,0.0,0.0,4.0,0.0,4.0,3.0,0.0,3.0,117,11.0,0,0,0,0.09401709401709402,2026-02-03,nvai,11.0,lin,,,,,,,,
0,3.0,2.0,0.0,0.0,0.0,0.0,5.0,0.0,5.0,2.0,0.0,2.0,260,0.0,0,0,0,0.0,2026-02-04,nvai,0.0,lin,,,,,,,,
0,0.0,0.0,0.0,0.0,0.0,0.0,0.0,0.0,0.0,0.0,0.0,0.0,4,0.0,0,0,0,0.0,2026-02-05,nvai,0.0,lin,,,,,,,,
0,1.0,1.0,0.0,0.0,0.0,0.0,1.0,0.0,1.0,1.0,0.0,1.0,14,1.0,0,0,0,0.07142857142857142,2026-02-06,nvai,1.0,lin,,,,,,,,
1,0.0,0.0,0.0,0.0,0.0,0.0,0.0,0.0,0.0,0.0,0.0,0.0,44,3.0,0,0,0,0.06818181818181818,2026-02-07,nvai,3.0,lin,,,,,,,,
0,0.0,0.0,0.0,0.0,0.0,0.0,0.0,0.0,0.0,0.0,0.0,0.0,3,1.0,0,0,0,0.3333333333333333,2026-02-08,nvai,1.0,lin,,,,,,,,
0,0.0,0.0,0.0,0.0,0.0,0.0,0.0,0.0,0.0,0.0,0.0,0.0,17,0.0,0,0,0,0.0,2026-02-09,nvai,0.0,lin,,,,,,,,
0,4.0,2.0,0.0,0.0,0.0,0.0,2.0,3.0,5.0,1.0,1.0,2.0,101,11.0,5,0,0,0.15841584158415842,2026-02-10,nvai,16.0,lin,,,,,,,,
6,6.0,5.0,0.0,0.0,0.0,0.0,6.0,2.0,8.0,4.0,2.0,6.0,137,7.0,3,0,0,0.072992700729927,2026-02-11,nvai,10.0,lin,,,,,,,,
1,9.0,5.0,0.0,0.0,0.0,0.0,10.0,0.0,10.0,5.0,0.0,5.0,147,5.0,8,0,0,0.08843537414965986,2026-02-12,nvai,13.0,lin,,,,,,,,
0,4.0,2.0,0.0,0.0,0.0,0.0,5.0,0.0,5.0,2.0,0.0,2.0,54,0.0,0,0,0,0.0,2026-02-13,nvai,0.0,lin,,,,,,,,
0,10.0,2.0,0.0,0.0,1.0,1.0,1.0,17.0,18.0,1.0,1.0,2.0,353,34.0,5,0,0,0.11048158640226628,2026-02-14,nvai,39.0,lin,,,,,,,,
1,5.0,4.0,0.0,0.0,0.0,0.0,2.0,3.0,5.0,2.0,2.0,4.0,192,16.0,5,0,0,0.109375,2026-02-15,nvai,21.0,lin,,,,,,,,
2,7.0,3.0,0.0,0.0,1.0,1.0,1.0,8.0,9.0,1.0,2.0,3.0,182,10.0,4,0,0,0.07692307692307693,2026-02-16,nvai,14.0,lin,,,,,,,,
4,24.0,16.0,0.0,0.0,1.0,1.0,30.0,6.0,36.0,14.0,2.0,16.0,134,3.0,0,0,0,0.022388059701492536,2026-02-17,nvai,3.0,lin,,,,,,,,
2,41.0,29.0,0.0,0.0,4.0,4.0,75.0,10.0,85.0,28.0,2.0,30.0,168,13.0,4,0,0,0.10119047619047619,2026-02-18,nvai,17.0,lin,,,,,,,,
2,15.0,8.0,0.0,0.0,1.0,1.0,7.0,15.0,22.0,5.0,3.0,8.0,248,14.0,0,0,0,0.056451612903225805,2026-02-19,nvai,14.0,lin,,,,,,,,
0,10.0,4.0,0.0,0.0,0.0,0.0,17.0,0.0,17.0,4.0,0.0,4.0,401,20.0,9,1,1,0.0773067331670823,2026-02-20,nvai,31.0,lin,,,,,,,,
0,2.0,2.0,0.0,0.0,1.0,1.0,4.0,0.0,4.0,2.0,0.0,2.0,94,5.0,0,0,0,0.05319148936170213,2026-02-21,nvai,5.0,lin,,,,,,,,
0,0.0,0.0,0.0,0.0,0.0,0.0,0.0,0.0,0.0,0.0,0.0,0.0,14,0.0,0,0,0,0.0,2026-02-22,nvai,0.0,lin,,,,,,,,
1,1.0,1.0,0.0,0.0,0.0,0.0,2.0,0.0,2.0,1.0,0.0,1.0,32,2.0,0,0,0,0.0625,2026-02-23,nvai,2.0,lin,,,,,,,,
1,6.0,2.0,0.0,0.0,0.0,0.0,2.0,4.0,6.0,1.0,1.0,2.0,45,5.0,2,0,0,0.15555555555555556,2026-02-24,nvai,7.0,lin,,,,,,,,
0,14.0,9.0,0.0,0.0,0.0,0.0,9.0,8.0,17.0,7.0,2.0,9.0,170,17.0,10,1,2,0.17647058823529413,2026-02-25,nvai,30.000000000000004,lin,,,,,,,,
1,11.0,6.0,0.0,0.0,3.0,3.0,9.0,14.0,23.0,4.0,2.0,6.0,170,2.0,8,0,0,0.058823529411764705,2026-02-26,nvai,10.0,lin,,,,,,,,
0,6.0,4.0,0.0,0.0,0.0,0.0,6.0,4.0,10.0,3.0,1.0,4.0,232,15.0,10,0,2,0.11637931034482758,2026-02-27,nvai,27.0,lin,,,,,,,,
0,1.0,1.0,0.0,0.0,0.0,0.0,3.0,0.0,3.0,1.0,0.0,1.0,106,6.0,1,0,0,0.0660377358490566,2026-02-28,nvai,7.0,lin,,,,,,,,
0,2.0,2.0,0.0,0.0,0.0,0.0,2.0,1.0,3.0,1.0,1.0,2.0,34,6.0,0,0,0,0.17647058823529413,2026-03-01,nvai,6.0,lin,,,,,,,,
0,4.0,2.0,0.0,0.0,0.0,0.0,4.0,0.0,4.0,2.0,0.0,2.0,153,10.0,4,1,3,0.11764705882352941,2026-03-02,nvai,18.0,lin,,,,,,,,
1,10.0,5.0,0.0,0.0,3.0,3.0,7.0,14.0,21.0,3.0,3.0,6.0,147,7.0,12,0,0,0.1292517006802721,2026-03-03,nvai,19.0,lin,,,,,,,,
0,8.0,6.0,0.0,0.0,4.0,3.0,11.0,4.0,15.0,5.0,2.0,7.0,44,1.0,0,2,0,0.06818181818181818,2026-03-04,nvai,3.0,lin,,,,,,,,
2,10.0,6.0,0.0,0.0,2.0,2.0,12.0,1.0,13.0,6.0,1.0,7.0,185,16.0,7,0,1,0.12972972972972974,2026-03-05,nvai,24.0,lin,,,,,,,,
2,9.0,5.0,0.0,0.0,1.0,1.0,6.0,9.0,15.0,3.0,2.0,5.0,51,1.0,4,0,0,0.09803921568627451,2026-03-06,nvai,5.0,lin,,,,,,,,
0,2.0,1.0,0.0,0.0,0.0,0.0,0.0,2.0,2.0,0.0,1.0,1.0,34,3.0,0,0,0,0.08823529411764706,2026-03-07,nvai,3.0,lin,,,,,,,,
1,1.0,1.0,0.0,0.0,0.0,0.0,0.0,2.0,2.0,0.0,2.0,2.0,49,4.0,1,0,0,0.10204081632653061,2026-03-08,nvai,5.0,lin,,,,,,,,
0,4.0,4.0,0.0,0.0,0.0,0.0,7.0,0.0,7.0,4.0,0.0,4.0,31,0.0,0,0,0,0.0,2026-03-09,nvai,0.0,lin,,,,,,,,
0,8.0,5.0,0.0,0.0,3.0,3.0,9.0,8.0,17.0,2.0,3.0,5.0,191,10.0,8,0,0,0.09424083769633508,2026-03-10,nvai,18.0,lin,,,,,,,,
2,4.0,2.0,0.0,0.0,0.0,0.0,4.0,0.0,4.0,2.0,0.0,2.0,155,8.0,6,2,0,0.1032258064516129,2026-03-11,nvai,16.0,lin,,,,,,,,
1,6.0,2.0,0.0,0.0,0.0,0.0,3.0,3.0,6.0,1.0,1.0,2.0,127,12.0,5,0,0,0.13385826771653545,2026-03-12,nvai,17.0,lin,,,,,,,,
1,5.0,5.0,0.0,0.0,0.0,0.0,7.0,1.0,8.0,4.0,1.0,5.0,35,1.0,1,0,0,0.05714285714285714,2026-03-13,nvai,2.0,lin,,,,,,,,
0,0.0,0.0,0.0,0.0,0.0,0.0,0.0,0.0,0.0,0.0,0.0,0.0,10,0.0,0,0,0,0.0,2026-03-14,nvai,0.0,lin,,,,,,,,
0,1.0,1.0,0.0,0.0,0.0,0.0,2.0,0.0,2.0,1.0,0.0,1.0,3,0.0,0,0,0,0.0,2026-03-15,nvai,0.0,lin,,,,,,,,
0,0.0,0.0,0.0,0.0,0.0,0.0,0.0,0.0,0.0,0.0,0.0,0.0,16,0.0,0,0,0,0.0,2026-03-16,nvai,0.0,lin,,,,,,,,
1,3.0,2.0,0.0,0.0,0.0,0.0,4.0,0.0,4.0,2.0,0.0,2.0,100,11.0,4,0,0,0.15,2026-03-17,nvai,15.0,lin,,,,,,,,
2,6.0,5.0,0.0,0.0,1.0,1.0,4.0,5.0,9.0,3.0,3.0,6.0,167,4.0,6,1,0,0.0658682634730539,2026-03-18,nvai,11.000000000000002,lin,,,,,,,,
0,2.0,1.0,0.0,0.0,1.0,1.0,0.0,4.0,4.0,0.0,1.0,1.0,115,2.0,4,0,0,0.05217391304347826,2026-03-19,nvai,6.0,lin,,,,,,,,
2,13.0,4.0,0.0,0.0,1.0,1.0,16.0,2.0,18.0,2.0,2.0,4.0,118,2.0,0,0,0,0.01694915254237288,2026-03-20,nvai,2.0,lin,,,,,,,,
1,2.0,1.0,0.0,0.0,0.0,0.0,0.0,3.0,3.0,0.0,1.0,1.0,10,1.0,0,0,0,0.1,2026-03-21,nvai,1.0,lin,,,,,,,,
1,2.0,1.0,0.0,0.0,1.0,1.0,2.0,11.0,13.0,1.0,1.0,2.0,32,0.0,0,0,0,0.0,2026-03-22,nvai,0.0,lin,,,,,,,,
0,3.0,3.0,0.0,0.0,0.0,0.0,4.0,1.0,5.0,2.0,1.0,3.0,40,2.0,0,0,1,0.075,2026-03-23,nvai,3.0,lin,,,,,,,,
0,11.0,5.0,0.0,0.0,0.0,0.0,14.0,0.0,14.0,5.0,0.0,5.0,206,1.0,2,0,0,0.014563106796116505,2026-03-24,nvai,3.0,lin,,,,,,,,
0,10.0,7.0,0.0,0.0,0.0,0.0,9.0,2.0,11.0,6.0,1.0,7.0,140,7.0,7,1,0,0.10714285714285714,2026-03-25,nvai,15.0,lin,,,,,,,,
0,10.0,6.0,0.0,0.0,2.0,2.0,11.0,3.0,14.0,5.0,1.0,6.0,105,5.0,4,0,0,0.08571428571428572,2026-03-26,nvai,9.0,lin,,,,,,,,
0,1.0,1.0,0.0,0.0,0.0,0.0,1.0,0.0,1.0,1.0,0.0,1.0,81,6.0,0,0,0,0.07407407407407407,2026-03-27,nvai,6.0,lin,,,,,,,,
1,7.0,2.0,0.0,0.0,1.0,1.0,0.0,8.0,8.0,0.0,2.0,2.0,37,1.0,1,0,0,0.05405405405405406,2026-03-28,nvai,2.0,lin,,,,,,,,
0,2.0,1.0,0.0,0.0,0.0,0.0,0.0,2.0,2.0,0.0,1.0,1.0,7,0.0,0,0,0,0.0,2026-03-29,nvai,0.0,lin,,,,,,,,
0,4.0,3.0,0.0,0.0,0.0,0.0,7.0,1.0,8.0,2.0,1.0,3.0,13,1.0,1,0,0,0.15384615384615385,2026-03-30,nvai,2.0,lin,,,,,,,,
0,10.0,3.0,0.0,0.0,1.0,1.0,1.0,16.0,17.0,1.0,2.0,3.0,82,2.0,2,0,0,0.04878048780487805,2026-03-31,nvai,4.0,lin,,,,,,,,
1,7.0,4.0,0.0,0.0,0.0,0.0,4.0,4.0,8.0,2.0,2.0,4.0,150,11.0,4,2,0,0.11333333333333333,2026-04-01,nvai,17.0,lin,,,,,,,,
2,0.0,0.0,0.0,0.0,0.0,0.0,2.0,0.0,2.0,1.0,0.0,1.0,54,0.0,2,0,0,0.037037037037037035,2026-04-02,nvai,2.0,lin,,,,,,,,
1,0.0,0.0,0.0,0.0,0.0,0.0,0.0,0.0,0.0,0.0,0.0,0.0,17,3.0,0,0,0,0.17647058823529413,2026-04-03,nvai,3.0,lin,,,,,,,,
0,0.0,0.0,0.0,0.0,0.0,0.0,0.0,0.0,0.0,0.0,0.0,0.0,5,0.0,0,0,-1,-0.2,2026-04-04,nvai,-1.0,lin,,,,,,,,
0,0.0,0.0,0.0,0.0,0.0,0.0,0.0,0.0,0.0,0.0,0.0,0.0,0,0.0,0,0,0,0.0,2025-04-05,nvai,0.0,lin,,,,,,,,
0,0.0,0.0,0.0,0.0,0.0,0.0,0.0,0.0,0.0,0.0,0.0,0.0,0,0.0,0,0,0,0.0,2025-04-06,nvai,0.0,lin,,,,,,,,
0,0.0,0.0,0.0,0.0,0.0,0.0,0.0,0.0,0.0,0.0,0.0,0.0,0,0.0,0,0,0,0.0,2025-04-07,nvai,0.0,lin,,,,,,,,
0,0.0,0.0,0.0,0.0,0.0,0.0,0.0,0.0,0.0,0.0,0.0,0.0,0,0.0,0,0,0,0.0,2025-04-08,nvai,0.0,lin,,,,,,,,
0,0.0,0.0,0.0,0.0,0.0,0.0,0.0,0.0,0.0,0.0,0.0,0.0,0,0.0,0,0,0,0.0,2025-04-09,nvai,0.0,lin,,,,,,,,
0,0.0,0.0,0.0,0.0,0.0,0.0,0.0,0.0,0.0,0.0,0.0,0.0,0,0.0,0,0,0,0.0,2025-04-10,nvai,0.0,lin,,,,,,,,
0,0.0,0.0,0.0,0.0,0.0,0.0,0.0,0.0,0.0,0.0,0.0,0.0,0,0.0,0,0,0,0.0,2025-04-11,nvai,0.0,lin,,,,,,,,
0,0.0,0.0,0.0,0.0,0.0,0.0,0.0,0.0,0.0,0.0,0.0,0.0,0,0.0,0,0,0,0.0,2025-04-12,nvai,0.0,lin,,,,,,,,
0,0.0,0.0,0.0,0.0,0.0,0.0,0.0,0.0,0.0,0.0,0.0,0.0,0,0.0,0,0,0,0.0,2025-04-13,nvai,0.0,lin,,,,,,,,
0,0.0,0.0,0.0,0.0,0.0,0.0,0.0,0.0,0.0,0.0,0.0,0.0,0,0.0,0,0,0,0.0,2025-04-14,nvai,0.0,lin,,,,,,,,
0,0.0,0.0,0.0,0.0,0.0,0.0,0.0,0.0,0.0,0.0,0.0,0.0,0,0.0,0,0,0,0.0,2025-04-15,nvai,0.0,lin,,,,,,,,
0,0.0,0.0,0.0,0.0,0.0,0.0,0.0,0.0,0.0,0.0,0.0,0.0,0,0.0,0,0,0,0.0,2025-04-16,nvai,0.0,lin,,,,,,,,
0,0.0,0.0,0.0,0.0,0.0,0.0,0.0,0.0,0.0,0.0,0.0,0.0,0,0.0,0,0,0,0.0,2025-04-17,nvai,0.0,lin,,,,,,,,
0,0.0,0.0,0.0,0.0,0.0,0.0,0.0,0.0,0.0,0.0,0.0,0.0,0,0.0,0,0,0,0.0,2025-04-18,nvai,0.0,lin,,,,,,,,
0,0.0,0.0,0.0,0.0,0.0,0.0,0.0,0.0,0.0,0.0,0.0,0.0,0,0.0,0,0,0,0.0,2025-04-19,nvai,0.0,lin,,,,,,,,
0,0.0,0.0,0.0,0.0,0.0,0.0,0.0,0.0,0.0,0.0,0.0,0.0,0,0.0,0,0,0,0.0,2025-04-20,nvai,0.0,lin,,,,,,,,
0,0.0,0.0,0.0,0.0,0.0,0.0,0.0,0.0,0.0,0.0,0.0,0.0,0,0.0,0,0,0,0.0,2025-04-21,nvai,0.0,lin,,,,,,,,
0,0.0,0.0,0.0,0.0,0.0,0.0,0.0,0.0,0.0,0.0,0.0,0.0,0,0.0,0,0,0,0.0,2025-04-22,nvai,0.0,lin,,,,,,,,
0,0.0,0.0,0.0,0.0,0.0,0.0,0.0,0.0,0.0,0.0,0.0,0.0,0,0.0,0,0,0,0.0,2025-04-23,nvai,0.0,lin,,,,,,,,
0,0.0,0.0,0.0,0.0,0.0,0.0,0.0,0.0,0.0,0.0,0.0,0.0,0,0.0,0,0,0,0.0,2025-04-24,nvai,0.0,lin,,,,,,,,
0,0.0,0.0,0.0,0.0,0.0,0.0,0.0,0.0,0.0,0.0,0.0,0.0,0,0.0,0,0,0,0.0,2025-04-25,nvai,0.0,lin,,,,,,,,
0,0.0,0.0,0.0,0.0,0.0,0.0,0.0,0.0,0.0,0.0,0.0,0.0,0,0.0,0,0,0,0.0,2025-04-26,nvai,0.0,lin,,,,,,,,
0,0.0,0.0,0.0,0.0,0.0,0.0,0.0,0.0,0.0,0.0,0.0,0.0,0,0.0,0,0,0,0.0,2025-04-27,nvai,0.0,lin,,,,,,,,
0,0.0,0.0,0.0,0.0,0.0,0.0,0.0,0.0,0.0,0.0,0.0,0.0,0,0.0,0,0,0,0.0,2025-04-28,nvai,0.0,lin,,,,,,,,
0,0.0,0.0,0.0,0.0,0.0,0.0,0.0,0.0,0.0,0.0,0.0,0.0,0,0.0,0,0,0,0.0,2025-04-29,nvai,0.0,lin,,,,,,,,
0,0.0,0.0,0.0,0.0,0.0,0.0,0.0,0.0,0.0,0.0,0.0,0.0,0,0.0,0,0,0,0.0,2025-04-30,nvai,0.0,lin,,,,,,,,
0,0.0,0.0,0.0,0.0,0.0,0.0,0.0,0.0,0.0,0.0,0.0,0.0,0,0.0,0,0,0,0.0,2025-05-01,nvai,0.0,lin,,,,,,,,
0,0.0,0.0,0.0,0.0,0.0,0.0,0.0,0.0,0.0,0.0,0.0,0.0,0,0.0,0,0,0,0.0,2025-05-02,nvai,0.0,lin,,,,,,,,
0,0.0,0.0,0.0,0.0,0.0,0.0,0.0,0.0,0.0,0.0,0.0,0.0,0,0.0,0,0,0,0.0,2025-05-03,nvai,0.0,lin,,,,,,,,
0,0.0,0.0,0.0,0.0,0.0,0.0,0.0,0.0,0.0,0.0,0.0,0.0,0,0.0,0,0,0,0.0,2025-05-04,nvai,0.0,lin,,,,,,,,
0,0.0,0.0,0.0,0.0,0.0,0.0,0.0,0.0,0.0,0.0,0.0,0.0,0,0.0,0,0,0,0.0,2025-05-05,nvai,0.0,lin,,,,,,,,
0,0.0,0.0,0.0,0.0,0.0,0.0,0.0,0.0,0.0,0.0,0.0,0.0,0,0.0,0,0,0,0.0,2025-05-06,nvai,0.0,lin,,,,,,,,
0,0.0,0.0,0.0,0.0,0.0,0.0,0.0,0.0,0.0,0.0,0.0,0.0,0,0.0,0,0,0,0.0,2025-05-07,nvai,0.0,lin,,,,,,,,
0,0.0,0.0,0.0,0.0,0.0,0.0,0.0,0.0,0.0,0.0,0.0,0.0,0,0.0,0,0,0,0.0,2025-05-08,nvai,0.0,lin,,,,,,,,
0,0.0,0.0,0.0,0.0,0.0,0.0,0.0,0.0,0.0,0.0,0.0,0.0,0,0.0,0,0,0,0.0,2025-05-09,nvai,0.0,lin,,,,,,,,
0,0.0,0.0,0.0,0.0,0.0,0.0,0.0,0.0,0.0,0.0,0.0,0.0,0,0.0,0,0,0,0.0,2025-05-10,nvai,0.0,lin,,,,,,,,
0,0.0,0.0,0.0,0.0,0.0,0.0,0.0,0.0,0.0,0.0,0.0,0.0,0,0.0,0,0,0,0.0,2025-05-11,nvai,0.0,lin,,,,,,,,
0,0.0,0.0,0.0,0.0,0.0,0.0,0.0,0.0,0.0,0.0,0.0,0.0,0,0.0,0,0,0,0.0,2025-05-12,nvai,0.0,lin,,,,,,,,
0,0.0,0.0,0.0,0.0,0.0,0.0,0.0,0.0,0.0,0.0,0.0,0.0,0,0.0,0,0,0,0.0,2025-05-13,nvai,0.0,lin,,,,,,,,
0,0.0,0.0,0.0,0.0,0.0,0.0,0.0,0.0,0.0,0.0,0.0,0.0,0,0.0,0,0,0,0.0,2025-05-14,nvai,0.0,lin,,,,,,,,
0,0.0,0.0,0.0,0.0,0.0,0.0,0.0,0.0,0.0,0.0,0.0,0.0,0,0.0,0,0,0,0.0,2025-05-15,nvai,0.0,lin,,,,,,,,
0,0.0,0.0,0.0,0.0,0.0,0.0,0.0,0.0,0.0,0.0,0.0,0.0,0,0.0,0,0,0,0.0,2025-05-16,nvai,0.0,lin,,,,,,,,
0,0.0,0.0,0.0,0.0,0.0,0.0,0.0,0.0,0.0,0.0,0.0,0.0,0,0.0,0,0,0,0.0,2025-05-17,nvai,0.0,lin,,,,,,,,
0,0.0,0.0,0.0,0.0,0.0,0.0,0.0,0.0,0.0,0.0,0.0,0.0,0,0.0,0,0,0,0.0,2025-05-18,nvai,0.0,lin,,,,,,,,
0,0.0,0.0,0.0,0.0,0.0,0.0,0.0,0.0,0.0,0.0,0.0,0.0,0,0.0,0,0,0,0.0,2025-05-19,nvai,0.0,lin,,,,,,,,
0,0.0,0.0,0.0,0.0,0.0,0.0,0.0,0.0,0.0,0.0,0.0,0.0,0,0.0,0,0,0,0.0,2025-05-20,nvai,0.0,lin,,,,,,,,
0,0.0,0.0,0.0,0.0,0.0,0.0,0.0,0.0,0.0,0.0,0.0,0.0,0,0.0,0,0,0,0.0,2025-05-21,nvai,0.0,lin,,,,,,,,
0,0.0,0.0,0.0,0.0,0.0,0.0,0.0,0.0,0.0,0.0,0.0,0.0,0,0.0,0,0,0,0.0,2025-05-22,nvai,0.0,lin,,,,,,,,
0,0.0,0.0,0.0,0.0,0.0,0.0,0.0,0.0,0.0,0.0,0.0,0.0,0,0.0,0,0,0,0.0,2025-05-23,nvai,0.0,lin,,,,,,,,
0,0.0,0.0,0.0,0.0,0.0,0.0,0.0,0.0,0.0,0.0,0.0,0.0,0,0.0,0,0,0,0.0,2025-05-24,nvai,0.0,lin,,,,,,,,
0,0.0,0.0,0.0,0.0,0.0,0.0,0.0,0.0,0.0,0.0,0.0,0.0,0,0.0,0,0,0,0.0,2025-05-25,nvai,0.0,lin,,,,,,,,
0,0.0,0.0,0.0,0.0,0.0,0.0,0.0,0.0,0.0,0.0,0.0,0.0,0,0.0,0,0,0,0.0,2025-05-26,nvai,0.0,lin,,,,,,,,
0,0.0,0.0,0.0,0.0,0.0,0.0,0.0,0.0,0.0,0.0,0.0,0.0,0,0.0,0,0,0,0.0,2025-05-27,nvai,0.0,lin,,,,,,,,
0,0.0,0.0,0.0,0.0,0.0,0.0,0.0,0.0,0.0,0.0,0.0,0.0,0,0.0,0,0,0,0.0,2025-05-28,nvai,0.0,lin,,,,,,,,
0,0.0,0.0,0.0,0.0,0.0,0.0,0.0,0.0,0.0,0.0,0.0,0.0,0,0.0,0,0,0,0.0,2025-05-29,nvai,0.0,lin,,,,,,,,
0,0.0,0.0,0.0,0.0,0.0,0.0,0.0,0.0,0.0,0.0,0.0,0.0,0,0.0,0,0,0,0.0,2025-05-30,nvai,0.0,lin,,,,,,,,
0,0.0,0.0,0.0,0.0,0.0,0.0,0.0,0.0,0.0,0.0,0.0,0.0,0,0.0,0,0,0,0.0,2025-05-31,nvai,0.0,lin,,,,,,,,
0,0.0,0.0,0.0,0.0,0.0,0.0,0.0,0.0,0.0,0.0,0.0,0.0,0,0.0,0,0,0,0.0,2025-06-01,nvai,0.0,lin,,,,,,,,
0,0.0,0.0,0.0,0.0,0.0,0.0,0.0,0.0,0.0,0.0,0.0,0.0,0,0.0,0,0,0,0.0,2025-06-02,nvai,0.0,lin,,,,,,,,
0,0.0,0.0,0.0,0.0,0.0,0.0,0.0,0.0,0.0,0.0,0.0,0.0,0,0.0,0,0,0,0.0,2025-06-03,nvai,0.0,lin,,,,,,,,
0,0.0,0.0,0.0,0.0,0.0,0.0,0.0,0.0,0.0,0.0,0.0,0.0,0,0.0,0,0,0,0.0,2025-06-04,nvai,0.0,lin,,,,,,,,
0,0.0,0.0,0.0,0.0,0.0,0.0,0.0,0.0,0.0,0.0,0.0,0.0,0,0.0,0,0,0,0.0,2025-06-05,nvai,0.0,lin,,,,,,,,
0,0.0,0.0,0.0,0.0,0.0,0.0,0.0,0.0,0.0,0.0,0.0,0.0,0,0.0,0,0,0,0.0,2025-06-06,nvai,0.0,lin,,,,,,,,
0,0.0,0.0,0.0,0.0,0.0,0.0,0.0,0.0,0.0,0.0,0.0,0.0,0,0.0,0,0,0,0.0,2025-06-07,nvai,0.0,lin,,,,,,,,
0,0.0,0.0,0.0,0.0,0.0,0.0,0.0,0.0,0.0,0.0,0.0,0.0,0,0.0,0,0,0,0.0,2025-06-08,nvai,0.0,lin,,,,,,,,
0,0.0,0.0,0.0,0.0,0.0,0.0,0.0,0.0,0.0,0.0,0.0,0.0,0,0.0,0,0,0,0.0,2025-06-09,nvai,0.0,lin,,,,,,,,
0,0.0,0.0,0.0,0.0,0.0,0.0,0.0,0.0,0.0,0.0,0.0,0.0,0,0.0,0,0,0,0.0,2025-06-10,nvai,0.0,lin,,,,,,,,
0,0.0,0.0,0.0,0.0,0.0,0.0,0.0,0.0,0.0,0.0,0.0,0.0,0,0.0,0,0,0,0.0,2025-06-11,nvai,0.0,lin,,,,,,,,
0,0.0,0.0,0.0,0.0,0.0,0.0,0.0,0.0,0.0,0.0,0.0,0.0,0,0.0,0,0,0,0.0,2025-06-12,nvai,0.0,lin,,,,,,,,
0,0.0,0.0,0.0,0.0,0.0,0.0,0.0,0.0,0.0,0.0,0.0,0.0,0,0.0,0,0,0,0.0,2025-06-13,nvai,0.0,lin,,,,,,,,
0,0.0,0.0,0.0,0.0,0.0,0.0,0.0,0.0,0.0,0.0,0.0,0.0,0,0.0,0,0,0,0.0,2025-06-14,nvai,0.0,lin,,,,,,,,
0,0.0,0.0,0.0,0.0,0.0,0.0,0.0,0.0,0.0,0.0,0.0,0.0,0,0.0,0,0,0,0.0,2025-06-15,nvai,0.0,lin,,,,,,,,
0,0.0,0.0,0.0,0.0,0.0,0.0,0.0,0.0,0.0,0.0,0.0,0.0,0,0.0,0,0,0,0.0,2025-06-16,nvai,0.0,lin,,,,,,,,
0,0.0,0.0,0.0,0.0,0.0,0.0,0.0,0.0,0.0,0.0,0.0,0.0,0,0.0,0,0,0,0.0,2025-06-17,nvai,0.0,lin,,,,,,,,
0,0.0,0.0,0.0,0.0,0.0,0.0,0.0,0.0,0.0,0.0,0.0,0.0,0,0.0,0,0,0,0.0,2025-06-18,nvai,0.0,lin,,,,,,,,
0,0.0,0.0,0.0,0.0,0.0,0.0,0.0,0.0,0.0,0.0,0.0,0.0,0,0.0,0,0,0,0.0,2025-06-19,nvai,0.0,lin,,,,,,,,
0,0.0,0.0,0.0,0.0,0.0,0.0,0.0,0.0,0.0,0.0,0.0,0.0,0,0.0,0,0,0,0.0,2025-06-20,nvai,0.0,lin,,,,,,,,
0,0.0,0.0,0.0,0.0,0.0,0.0,0.0,0.0,0.0,0.0,0.0,0.0,0,0.0,0,0,0,0.0,2025-06-21,nvai,0.0,lin,,,,,,,,
0,0.0,0.0,0.0,0.0,0.0,0.0,0.0,0.0,0.0,0.0,0.0,0.0,0,0.0,0,0,0,0.0,2025-06-22,nvai,0.0,lin,,,,,,,,
0,0.0,0.0,0.0,0.0,0.0,0.0,0.0,0.0,0.0,0.0,0.0,0.0,0,0.0,0,0,0,0.0,2025-06-23,nvai,0.0,lin,,,,,,,,
0,0.0,0.0,0.0,0.0,0.0,0.0,0.0,0.0,0.0,0.0,0.0,0.0,0,0.0,0,0,0,0.0,2025-06-24,nvai,0.0,lin,,,,,,,,
0,0.0,0.0,0.0,0.0,0.0,0.0,0.0,0.0,0.0,0.0,0.0,0.0,0,0.0,0,0,0,0.0,2025-06-25,nvai,0.0,lin,,,,,,,,
0,0.0,0.0,0.0,0.0,0.0,0.0,0.0,0.0,0.0,0.0,0.0,0.0,0,0.0,0,0,0,0.0,2025-06-26,nvai,0.0,lin,,,,,,,,
0,0.0,0.0,0.0,0.0,0.0,0.0,0.0,0.0,0.0,0.0,0.0,0.0,0,0.0,0,0,0,0.0,2025-06-27,nvai,0.0,lin,,,,,,,,
0,0.0,0.0,0.0,0.0,0.0,0.0,0.0,0.0,0.0,0.0,0.0,0.0,0,0.0,0,0,0,0.0,2025-06-28,nvai,0.0,lin,,,,,,,,
0,0.0,0.0,0.0,0.0,0.0,0.0,0.0,0.0,0.0,0.0,0.0,0.0,0,0.0,0,0,0,0.0,2025-06-29,nvai,0.0,lin,,,,,,,,
0,0.0,0.0,0.0,0.0,0.0,0.0,0.0,0.0,0.0,0.0,0.0,0.0,0,0.0,0,0,0,0.0,2025-06-30,nvai,0.0,lin,,,,,,,,
0,0.0,0.0,0.0,0.0,0.0,0.0,0.0,0.0,0.0,0.0,0.0,0.0,0,0.0,0,0,0,0.0,2025-07-01,nvai,0.0,lin,,,,,,,,
0,0.0,0.0,0.0,0.0,0.0,0.0,0.0,0.0,0.0,0.0,0.0,0.0,0,0.0,0,0,0,0.0,2025-07-02,nvai,0.0,lin,,,,,,,,
0,0.0,0.0,0.0,0.0,0.0,0.0,0.0,0.0,0.0,0.0,0.0,0.0,0,0.0,0,0,0,0.0,2025-07-03,nvai,0.0,lin,,,,,,,,
0,0.0,0.0,0.0,0.0,0.0,0.0,0.0,0.0,0.0,0.0,0.0,0.0,0,0.0,0,0,0,0.0,2025-07-04,nvai,0.0,lin,,,,,,,,
0,0.0,0.0,0.0,0.0,0.0,0.0,0.0,0.0,0.0,0.0,0.0,0.0,0,0.0,0,0,0,0.0,2025-07-05,nvai,0.0,lin,,,,,,,,
0,0.0,0.0,0.0,0.0,0.0,0.0,0.0,0.0,0.0,0.0,0.0,0.0,0,0.0,0,0,0,0.0,2025-07-06,nvai,0.0,lin,,,,,,,,
0,0.0,0.0,0.0,0.0,0.0,0.0,0.0,0.0,0.0,0.0,0.0,0.0,0,0.0,0,0,0,0.0,2025-07-07,nvai,0.0,lin,,,,,,,,
0,0.0,0.0,0.0,0.0,0.0,0.0,0.0,0.0,0.0,0.0,0.0,0.0,0,0.0,0,0,0,0.0,2025-07-08,nvai,0.0,lin,,,,,,,,
0,0.0,0.0,0.0,0.0,0.0,0.0,0.0,0.0,0.0,0.0,0.0,0.0,0,0.0,0,0,0,0.0,2025-07-09,nvai,0.0,lin,,,,,,,,
0,0.0,0.0,0.0,0.0,0.0,0.0,0.0,0.0,0.0,0.0,0.0,0.0,0,0.0,0,0,0,0.0,2025-07-10,nvai,0.0,lin,,,,,,,,
0,0.0,0.0,0.0,0.0,0.0,0.0,0.0,0.0,0.0,0.0,0.0,0.0,0,0.0,0,0,0,0.0,2025-07-11,nvai,0.0,lin,,,,,,,,
0,0.0,0.0,0.0,0.0,0.0,0.0,0.0,0.0,0.0,0.0,0.0,0.0,0,0.0,0,0,0,0.0,2025-07-12,nvai,0.0,lin,,,,,,,,
0,0.0,0.0,0.0,0.0,0.0,0.0,0.0,0.0,0.0,0.0,0.0,0.0,0,0.0,0,0,0,0.0,2025-07-13,nvai,0.0,lin,,,,,,,,
0,0.0,0.0,0.0,0.0,0.0,0.0,0.0,0.0,0.0,0.0,0.0,0.0,0,0.0,0,0,0,0.0,2025-07-14,nvai,0.0,lin,,,,,,,,
0,0.0,0.0,0.0,0.0,0.0,0.0,0.0,0.0,0.0,0.0,0.0,0.0,0,0.0,0,0,0,0.0,2025-07-15,nvai,0.0,lin,,,,,,,,
0,0.0,0.0,0.0,0.0,0.0,0.0,0.0,0.0,0.0,0.0,0.0,0.0,0,0.0,0,0,0,0.0,2025-07-16,nvai,0.0,lin,,,,,,,,
0,0.0,0.0,0.0,0.0,0.0,0.0,0.0,0.0,0.0,0.0,0.0,0.0,0,0.0,0,0,0,0.0,2025-07-17,nvai,0.0,lin,,,,,,,,
0,0.0,0.0,0.0,0.0,0.0,0.0,0.0,0.0,0.0,0.0,0.0,0.0,0,0.0,0,0,0,0.0,2025-07-18,nvai,0.0,lin,,,,,,,,
0,0.0,0.0,0.0,0.0,0.0,0.0,0.0,0.0,0.0,0.0,0.0,0.0,0,0.0,0,0,0,0.0,2025-07-19,nvai,0.0,lin,,,,,,,,
0,0.0,0.0,0.0,0.0,0.0,0.0,0.0,0.0,0.0,0.0,0.0,0.0,0,0.0,0,0,0,0.0,2025-07-20,nvai,0.0,lin,,,,,,,,
0,0.0,0.0,0.0,0.0,0.0,0.0,0.0,0.0,0.0,0.0,0.0,0.0,0,0.0,0,0,0,0.0,2025-07-21,nvai,0.0,lin,,,,,,,,
0,0.0,0.0,0.0,0.0,0.0,0.0,0.0,0.0,0.0,0.0,0.0,0.0,0,0.0,0,0,0,0.0,2025-07-22,nvai,0.0,lin,,,,,,,,
0,0.0,0.0,0.0,0.0,0.0,0.0,0.0,0.0,0.0,0.0,0.0,0.0,0,0.0,0,0,0,0.0,2025-07-23,nvai,0.0,lin,,,,,,,,
0,0.0,0.0,0.0,0.0,0.0,0.0,0.0,0.0,0.0,0.0,0.0,0.0,0,0.0,0,0,0,0.0,2025-07-24,nvai,0.0,lin,,,,,,,,
0,0.0,0.0,0.0,0.0,0.0,0.0,0.0,0.0,0.0,0.0,0.0,0.0,0,0.0,0,0,0,0.0,2025-07-25,nvai,0.0,lin,,,,,,,,
0,0.0,0.0,0.0,0.0,0.0,0.0,0.0,0.0,0.0,0.0,0.0,0.0,0,0.0,0,0,0,0.0,2025-07-26,nvai,0.0,lin,,,,,,,,
0,0.0,0.0,0.0,0.0,0.0,0.0,0.0,0.0,0.0,0.0,0.0,0.0,0,0.0,0,0,0,0.0,2025-07-27,nvai,0.0,lin,,,,,,,,
0,0.0,0.0,0.0,0.0,0.0,0.0,0.0,0.0,0.0,0.0,0.0,0.0,0,0.0,0,0,0,0.0,2025-07-28,nvai,0.0,lin,,,,,,,,
0,0.0,0.0,0.0,0.0,0.0,0.0,0.0,0.0,0.0,0.0,0.0,0.0,0,0.0,0,0,0,0.0,2025-07-29,nvai,0.0,lin,,,,,,,,
0,0.0,0.0,0.0,0.0,0.0,0.0,0.0,0.0,0.0,0.0,0.0,0.0,0,0.0,0,0,0,0.0,2025-07-30,nvai,0.0,lin,,,,,,,,
0,0.0,0.0,0.0,0.0,0.0,0.0,0.0,0.0,0.0,0.0,0.0,0.0,0,0.0,0,0,0,0.0,2025-07-31,nvai,0.0,lin,,,,,,,,
0,0.0,0.0,0.0,0.0,0.0,0.0,0.0,0.0,0.0,0.0,0.0,0.0,0,0.0,0,0,0,0.0,2025-08-01,nvai,0.0,lin,,,,,,,,
0,0.0,0.0,0.0,0.0,0.0,0.0,0.0,0.0,0.0,0.0,0.0,0.0,0,0.0,0,0,0,0.0,2025-08-02,nvai,0.0,lin,,,,,,,,
0,0.0,0.0,0.0,0.0,0.0,0.0,0.0,0.0,0.0,0.0,0.0,0.0,0,0.0,0,0,0,0.0,2025-08-03,nvai,0.0,lin,,,,,,,,
0,0.0,0.0,0.0,0.0,0.0,0.0,0.0,0.0,0.0,0.0,0.0,0.0,0,0.0,0,0,0,0.0,2025-08-04,nvai,0.0,lin,,,,,,,,
0,0.0,0.0,0.0,0.0,0.0,0.0,0.0,0.0,0.0,0.0,0.0,0.0,0,0.0,0,0,0,0.0,2025-08-05,nvai,0.0,lin,,,,,,,,
0,0.0,0.0,0.0,0.0,0.0,0.0,0.0,0.0,0.0,0.0,0.0,0.0,0,0.0,0,0,0,0.0,2025-08-06,nvai,0.0,lin,,,,,,,,
0,0.0,0.0,0.0,0.0,0.0,0.0,0.0,0.0,0.0,0.0,0.0,0.0,0,0.0,0,0,0,0.0,2025-08-07,nvai,0.0,lin,,,,,,,,
0,0.0,0.0,0.0,0.0,0.0,0.0,0.0,0.0,0.0,0.0,0.0,0.0,0,0.0,0,0,0,0.0,2025-08-08,nvai,0.0,lin,,,,,,,,
0,0.0,0.0,0.0,0.0,0.0,0.0,0.0,0.0,0.0,0.0,0.0,0.0,0,0.0,0,0,0,0.0,2025-08-09,nvai,0.0,lin,,,,,,,,
0,0.0,0.0,0.0,0.0,0.0,0.0,0.0,0.0,0.0,0.0,0.0,0.0,0,0.0,0,0,0,0.0,2025-08-10,nvai,0.0,lin,,,,,,,,
0,0.0,0.0,0.0,0.0,0.0,0.0,0.0,0.0,0.0,0.0,0.0,0.0,0,0.0,0,0,0,0.0,2025-08-11,nvai,0.0,lin,,,,,,,,
0,0.0,0.0,0.0,0.0,0.0,0.0,0.0,0.0,0.0,0.0,0.0,0.0,0,0.0,0,0,0,0.0,2025-08-12,nvai,0.0,lin,,,,,,,,
0,0.0,0.0,0.0,0.0,0.0,0.0,0.0,0.0,0.0,0.0,0.0,0.0,0,0.0,0,0,0,0.0,2025-08-13,nvai,0.0,lin,,,,,,,,
0,0.0,0.0,0.0,0.0,0.0,0.0,0.0,0.0,0.0,0.0,0.0,0.0,0,0.0,0,0,0,0.0,2025-08-14,nvai,0.0,lin,,,,,,,,
0,0.0,0.0,0.0,0.0,0.0,0.0,0.0,0.0,0.0,0.0,0.0,0.0,0,0.0,0,0,0,0.0,2025-08-15,nvai,0.0,lin,,,,,,,,
0,0.0,0.0,0.0,0.0,0.0,0.0,0.0,0.0,0.0,0.0,0.0,0.0,0,0.0,0,0,0,0.0,2025-08-16,nvai,0.0,lin,,,,,,,,
0,0.0,0.0,0.0,0.0,0.0,0.0,0.0,0.0,0.0,0.0,0.0,0.0,0,0.0,0,0,0,0.0,2025-08-17,nvai,0.0,lin,,,,,,,,
0,0.0,0.0,0.0,0.0,0.0,0.0,0.0,0.0,0.0,0.0,0.0,0.0,0,0.0,0,0,0,0.0,2025-08-18,nvai,0.0,lin,,,,,,,,
0,0.0,0.0,0.0,0.0,0.0,0.0,0.0,0.0,0.0,0.0,0.0,0.0,0,0.0,0,0,0,0.0,2025-08-19,nvai,0.0,lin,,,,,,,,
0,0.0,0.0,0.0,0.0,0.0,0.0,0.0,0.0,0.0,0.0,0.0,0.0,0,0.0,0,0,0,0.0,2025-08-20,nvai,0.0,lin,,,,,,,,
0,0.0,0.0,0.0,0.0,0.0,0.0,0.0,0.0,0.0,0.0,0.0,0.0,0,0.0,0,0,0,0.0,2025-08-21,nvai,0.0,lin,,,,,,,,
0,0.0,0.0,0.0,0.0,0.0,0.0,0.0,0.0,0.0,0.0,0.0,0.0,0,0.0,0,0,0,0.0,2025-08-22,nvai,0.0,lin,,,,,,,,
0,0.0,0.0,0.0,0.0,0.0,0.0,0.0,0.0,0.0,0.0,0.0,0.0,0,0.0,0,0,0,0.0,2025-08-23,nvai,0.0,lin,,,,,,,,
0,0.0,0.0,0.0,0.0,0.0,0.0,0.0,0.0,0.0,0.0,0.0,0.0,0,0.0,0,0,0,0.0,2025-08-24,nvai,0.0,lin,,,,,,,,
0,0.0,0.0,0.0,0.0,0.0,0.0,0.0,0.0,0.0,0.0,0.0,0.0,0,0.0,0,0,0,0.0,2025-08-25,nvai,0.0,lin,,,,,,,,
0,0.0,0.0,0.0,0.0,0.0,0.0,0.0,0.0,0.0,0.0,0.0,0.0,0,0.0,0,0,0,0.0,2025-08-26,nvai,0.0,lin,,,,,,,,
0,0.0,0.0,0.0,0.0,0.0,0.0,0.0,0.0,0.0,0.0,0.0,0.0,0,0.0,0,0,0,0.0,2025-08-27,nvai,0.0,lin,,,,,,,,
0,0.0,0.0,0.0,0.0,0.0,0.0,0.0,0.0,0.0,0.0,0.0,0.0,0,0.0,0,0,0,0.0,2025-08-28,nvai,0.0,lin,,,,,,,,
0,0.0,0.0,0.0,0.0,0.0,0.0,0.0,0.0,0.0,0.0,0.0,0.0,0,0.0,0,0,0,0.0,2025-08-29,nvai,0.0,lin,,,,,,,,
0,0.0,0.0,0.0,0.0,0.0,0.0,0.0,0.0,0.0,0.0,0.0,0.0,0,0.0,0,0,0,0.0,2025-08-30,nvai,0.0,lin,,,,,,,,
0,0.0,0.0,0.0,0.0,0.0,0.0,0.0,0.0,0.0,0.0,0.0,0.0,0,0.0,0,0,0,0.0,2025-08-31,nvai,0.0,lin,,,,,,,,
0,0.0,0.0,0.0,0.0,0.0,0.0,0.0,0.0,0.0,0.0,0.0,0.0,0,0.0,0,0,0,0.0,2025-09-01,nvai,0.0,lin,,,,,,,,
0,0.0,0.0,0.0,0.0,0.0,0.0,0.0,0.0,0.0,0.0,0.0,0.0,0,0.0,0,0,0,0.0,2025-09-02,nvai,0.0,lin,,,,,,,,
0,0.0,0.0,0.0,0.0,0.0,0.0,0.0,0.0,0.0,0.0,0.0,0.0,0,0.0,0,0,0,0.0,2025-09-03,nvai,0.0,lin,,,,,,,,
0,0.0,0.0,0.0,0.0,0.0,0.0,0.0,0.0,0.0,0.0,0.0,0.0,0,0.0,0,0,0,0.0,2025-09-04,nvai,0.0,lin,,,,,,,,
0,0.0,0.0,0.0,0.0,0.0,0.0,0.0,0.0,0.0,0.0,0.0,0.0,0,0.0,0,0,0,0.0,2025-09-05,nvai,0.0,lin,,,,,,,,
0,0.0,0.0,0.0,0.0,0.0,0.0,0.0,0.0,0.0,0.0,0.0,0.0,0,0.0,0,0,0,0.0,2025-09-06,nvai,0.0,lin,,,,,,,,
0,0.0,0.0,0.0,0.0,0.0,0.0,0.0,0.0,0.0,0.0,0.0,0.0,0,0.0,0,0,0,0.0,2025-09-07,nvai,0.0,lin,,,,,,,,
0,0.0,0.0,0.0,0.0,0.0,0.0,0.0,0.0,0.0,0.0,0.0,0.0,0,0.0,0,0,0,0.0,2025-09-08,nvai,0.0,lin,,,,,,,,
0,0.0,0.0,0.0,0.0,0.0,0.0,0.0,0.0,0.0,0.0,0.0,0.0,0,0.0,0,0,0,0.0,2025-09-09,nvai,0.0,lin,,,,,,,,
0,0.0,0.0,0.0,0.0,0.0,0.0,0.0,0.0,0.0,0.0,0.0,0.0,0,0.0,0,0,0,0.0,2025-09-10,nvai,0.0,lin,,,,,,,,
0,0.0,0.0,0.0,0.0,0.0,0.0,0.0,0.0,0.0,0.0,0.0,0.0,0,0.0,0,0,0,0.0,2025-09-11,nvai,0.0,lin,,,,,,,,
0,0.0,0.0,0.0,0.0,0.0,0.0,0.0,0.0,0.0,0.0,0.0,0.0,0,0.0,0,0,0,0.0,2025-09-12,nvai,0.0,lin,,,,,,,,
0,0.0,0.0,0.0,0.0,0.0,0.0,0.0,0.0,0.0,0.0,0.0,0.0,0,0.0,0,0,0,0.0,2025-09-13,nvai,0.0,lin,,,,,,,,
0,0.0,0.0,0.0,0.0,0.0,0.0,0.0,0.0,0.0,0.0,0.0,0.0,0,0.0,0,0,0,0.0,2025-09-14,nvai,0.0,lin,,,,,,,,
0,0.0,0.0,0.0,0.0,0.0,0.0,0.0,0.0,0.0,0.0,0.0,0.0,0,0.0,0,0,0,0.0,2025-09-15,nvai,0.0,lin,,,,,,,,
0,0.0,0.0,0.0,0.0,0.0,0.0,0.0,0.0,0.0,0.0,0.0,0.0,0,0.0,0,0,0,0.0,2025-09-16,nvai,0.0,lin,,,,,,,,
0,0.0,0.0,0.0,0.0,0.0,0.0,0.0,0.0,0.0,0.0,0.0,0.0,0,0.0,0,0,0,0.0,2025-09-17,nvai,0.0,lin,,,,,,,,
0,0.0,0.0,0.0,0.0,0.0,0.0,0.0,0.0,0.0,0.0,0.0,0.0,0,0.0,0,0,0,0.0,2025-09-18,nvai,0.0,lin,,,,,,,,
0,0.0,0.0,0.0,0.0,0.0,0.0,0.0,0.0,0.0,0.0,0.0,0.0,0,0.0,0,0,0,0.0,2025-09-19,nvai,0.0,lin,,,,,,,,
0,0.0,0.0,0.0,0.0,0.0,0.0,0.0,0.0,0.0,0.0,0.0,0.0,0,0.0,0,0,0,0.0,2025-09-20,nvai,0.0,lin,,,,,,,,
0,0.0,0.0,0.0,0.0,0.0,0.0,0.0,0.0,0.0,0.0,0.0,0.0,0,0.0,0,0,0,0.0,2025-09-21,nvai,0.0,lin,,,,,,,,
0,0.0,0.0,0.0,0.0,0.0,0.0,0.0,0.0,0.0,0.0,0.0,0.0,0,0.0,0,0,0,0.0,2025-09-22,nvai,0.0,lin,,,,,,,,
0,0.0,0.0,0.0,0.0,0.0,0.0,0.0,0.0,0.0,0.0,0.0,0.0,0,0.0,0,0,0,0.0,2025-09-23,nvai,0.0,lin,,,,,,,,
0,0.0,0.0,0.0,0.0,0.0,0.0,0.0,0.0,0.0,0.0,0.0,0.0,0,0.0,0,0,0,0.0,2025-09-24,nvai,0.0,lin,,,,,,,,
0,0.0,0.0,0.0,0.0,0.0,0.0,0.0,0.0,0.0,0.0,0.0,0.0,0,0.0,0,0,0,0.0,2025-09-25,nvai,0.0,lin,,,,,,,,
7,10.0,7.0,0.0,0.0,0.0,0.0,18.0,6.0,24.0,6.0,2.0,8.0,0,0.0,0,0,0,0.0,2025-09-26,nvai,0.0,lin,,,,,,,,
0,0.0,0.0,0.0,0.0,0.0,0.0,0.0,0.0,0.0,0.0,0.0,0.0,0,0.0,0,0,0,0.0,2025-09-27,nvai,0.0,lin,,,,,,,,
0,0.0,0.0,0.0,0.0,0.0,0.0,0.0,0.0,0.0,0.0,0.0,0.0,0,0.0,0,0,0,0.0,2025-09-28,nvai,0.0,lin,,,,,,,,
4,5.0,5.0,0.0,0.0,0.0,0.0,8.0,1.0,9.0,4.0,1.0,5.0,0,0.0,0,0,0,0.0,2025-09-29,nvai,0.0,lin,,,,,,,,
0,0.0,0.0,0.0,0.0,0.0,0.0,0.0,0.0,0.0,0.0,0.0,0.0,0,0.0,0,0,0,0.0,2025-09-30,nvai,0.0,lin,,,,,,,,
0,0.0,0.0,0.0,0.0,0.0,0.0,0.0,0.0,0.0,0.0,0.0,0.0,0,0.0,0,0,0,0.0,2025-10-01,nvai,0.0,lin,,,,,,,,
1,4.0,1.0,0.0,0.0,0.0,0.0,6.0,0.0,6.0,1.0,0.0,1.0,0,0.0,0,0,0,0.0,2025-10-02,nvai,0.0,lin,,,,,,,,
0,0.0,0.0,0.0,0.0,0.0,0.0,0.0,0.0,0.0,0.0,0.0,0.0,0,0.0,0,0,0,0.0,2025-10-03,nvai,0.0,lin,,,,,,,,
0,0.0,0.0,0.0,0.0,0.0,0.0,0.0,0.0,0.0,0.0,0.0,0.0,0,0.0,0,0,0,0.0,2025-10-04,nvai,0.0,lin,,,,,,,,
0,0.0,0.0,0.0,0.0,0.0,0.0,0.0,0.0,0.0,0.0,0.0,0.0,0,0.0,0,0,0,0.0,2025-10-05,nvai,0.0,lin,,,,,,,,
0,0.0,0.0,0.0,0.0,0.0,0.0,0.0,0.0,0.0,0.0,0.0,0.0,0,0.0,0,0,0,0.0,2025-10-06,nvai,0.0,lin,,,,,,,,
0,0.0,0.0,0.0,0.0,0.0,0.0,0.0,0.0,0.0,0.0,0.0,0.0,0,0.0,0,0,0,0.0,2025-10-07,nvai,0.0,lin,,,,,,,,
0,0.0,0.0,0.0,0.0,0.0,0.0,0.0,0.0,0.0,0.0,0.0,0.0,0,0.0,0,0,0,0.0,2025-10-08,nvai,0.0,lin,,,,,,,,
0,0.0,0.0,0.0,0.0,0.0,0.0,0.0,0.0,0.0,0.0,0.0,0.0,0,0.0,0,0,0,0.0,2025-10-09,nvai,0.0,lin,,,,,,,,
0,1.0,1.0,0.0,0.0,0.0,0.0,2.0,0.0,2.0,1.0,0.0,1.0,0,0.0,0,0,0,0.0,2025-10-10,nvai,0.0,lin,,,,,,,,
0,0.0,0.0,0.0,0.0,0.0,0.0,0.0,0.0,0.0,0.0,0.0,0.0,0,0.0,0,0,0,0.0,2025-10-11,nvai,0.0,lin,,,,,,,,
0,4.0,3.0,0.0,0.0,1.0,1.0,4.0,4.0,8.0,1.0,2.0,3.0,0,0.0,0,0,0,0.0,2025-10-12,nvai,0.0,lin,,,,,,,,
0,0.0,0.0,0.0,0.0,0.0,0.0,0.0,0.0,0.0,0.0,0.0,0.0,0,0.0,0,0,0,0.0,2025-10-13,nvai,0.0,lin,,,,,,,,
0,5.0,1.0,0.0,0.0,0.0,0.0,9.0,0.0,9.0,1.0,0.0,1.0,0,0.0,0,0,0,0.0,2025-10-14,nvai,0.0,lin,,,,,,,,
0,0.0,0.0,0.0,0.0,0.0,0.0,0.0,0.0,0.0,0.0,0.0,0.0,0,0.0,0,0,0,0.0,2025-10-15,nvai,0.0,lin,,,,,,,,
0,0.0,0.0,0.0,0.0,0.0,0.0,0.0,0.0,0.0,0.0,0.0,0.0,0,0.0,0,0,0,0.0,2025-10-16,nvai,0.0,lin,,,,,,,,
0,0.0,0.0,0.0,0.0,0.0,0.0,0.0,0.0,0.0,0.0,0.0,0.0,0,0.0,0,0,0,0.0,2025-10-17,nvai,0.0,lin,,,,,,,,
0,0.0,0.0,0.0,0.0,0.0,0.0,0.0,0.0,0.0,0.0,0.0,0.0,0,0.0,0,0,0,0.0,2025-10-18,nvai,0.0,lin,,,,,,,,
0,0.0,0.0,0.0,0.0,0.0,0.0,0.0,0.0,0.0,0.0,0.0,0.0,0,0.0,0,0,0,0.0,2025-10-19,nvai,0.0,lin,,,,,,,,
0,0.0,0.0,0.0,0.0,0.0,0.0,0.0,0.0,0.0,0.0,0.0,0.0,0,0.0,0,0,0,0.0,2025-10-20,nvai,0.0,lin,,,,,,,,
0,0.0,0.0,0.0,0.0,0.0,0.0,0.0,0.0,0.0,0.0,0.0,0.0,0,0.0,0,0,0,0.0,2025-10-21,nvai,0.0,lin,,,,,,,,
0,3.0,1.0,0.0,0.0,1.0,1.0,6.0,0.0,6.0,1.0,0.0,1.0,0,0.0,0,0,0,0.0,2025-10-22,nvai,0.0,lin,,,,,,,,
0,2.0,1.0,0.0,0.0,0.0,0.0,6.0,0.0,6.0,1.0,0.0,1.0,0,0.0,0,0,0,0.0,2025-10-23,nvai,0.0,lin,,,,,,,,
0,0.0,0.0,0.0,0.0,0.0,0.0,0.0,0.0,0.0,0.0,0.0,0.0,0,0.0,0,0,0,0.0,2025-10-24,nvai,0.0,lin,,,,,,,,
0,0.0,0.0,0.0,0.0,0.0,0.0,0.0,0.0,0.0,0.0,0.0,0.0,0,0.0,0,0,0,0.0,2025-10-25,nvai,0.0,lin,,,,,,,,
0,0.0,0.0,0.0,0.0,0.0,0.0,0.0,0.0,0.0,0.0,0.0,0.0,0,0.0,0,0,0,0.0,2025-10-26,nvai,0.0,lin,,,,,,,,
0,0.0,0.0,0.0,0.0,0.0,0.0,0.0,0.0,0.0,0.0,0.0,0.0,0,0.0,0,0,0,0.0,2025-10-27,nvai,0.0,lin,,,,,,,,
0,0.0,0.0,0.0,0.0,0.0,0.0,0.0,0.0,0.0,0.0,0.0,0.0,0,0.0,0,0,0,0.0,2025-10-28,nvai,0.0,lin,,,,,,,,
0,0.0,0.0,0.0,0.0,0.0,0.0,0.0,0.0,0.0,0.0,0.0,0.0,0,0.0,0,0,0,0.0,2025-10-29,nvai,0.0,lin,,,,,,,,
0,0.0,0.0,0.0,0.0,0.0,0.0,0.0,0.0,0.0,0.0,0.0,0.0,0,0.0,0,0,0,0.0,2025-10-30,nvai,0.0,lin,,,,,,,,
0,0.0,0.0,0.0,0.0,0.0,0.0,0.0,0.0,0.0,0.0,0.0,0.0,0,0.0,0,0,0,0.0,2025-10-31,nvai,0.0,lin,,,,,,,,
0,0.0,0.0,0.0,0.0,0.0,0.0,0.0,0.0,0.0,0.0,0.0,0.0,0,0.0,0,0,0,0.0,2025-11-01,nvai,0.0,lin,,,,,,,,
0,0.0,0.0,0.0,0.0,0.0,0.0,0.0,0.0,0.0,0.0,0.0,0.0,0,0.0,0,0,0,0.0,2025-11-02,nvai,0.0,lin,,,,,,,,
0,0.0,0.0,0.0,0.0,0.0,0.0,0.0,0.0,0.0,0.0,0.0,0.0,0,0.0,0,0,0,0.0,2025-11-03,nvai,0.0,lin,,,,,,,,
0,0.0,0.0,0.0,0.0,0.0,0.0,0.0,0.0,0.0,0.0,0.0,0.0,0,0.0,0,0,0,0.0,2025-11-04,nvai,0.0,lin,,,,,,,,
0,4.0,4.0,0.0,0.0,0.0,0.0,11.0,0.0,11.0,4.0,0.0,4.0,0,0.0,0,0,0,0.0,2025-11-05,nvai,0.0,lin,,,,,,,,
0,0.0,0.0,0.0,0.0,0.0,0.0,0.0,0.0,0.0,0.0,0.0,0.0,0,0.0,0,0,0,0.0,2025-11-06,nvai,0.0,lin,,,,,,,,
0,0.0,0.0,0.0,0.0,0.0,0.0,0.0,0.0,0.0,0.0,0.0,0.0,0,0.0,0,0,0,0.0,2025-11-07,nvai,0.0,lin,,,,,,,,
0,0.0,0.0,0.0,0.0,0.0,0.0,0.0,0.0,0.0,0.0,0.0,0.0,0,0.0,0,0,0,0.0,2025-11-08,nvai,0.0,lin,,,,,,,,
0,0.0,0.0,0.0,0.0,0.0,0.0,0.0,0.0,0.0,0.0,0.0,0.0,0,0.0,0,0,0,0.0,2025-11-09,nvai,0.0,lin,,,,,,,,
0,0.0,0.0,0.0,0.0,0.0,0.0,0.0,0.0,0.0,0.0,0.0,0.0,0,0.0,0,0,0,0.0,2025-11-10,nvai,0.0,lin,,,,,,,,
0,0.0,0.0,0.0,0.0,0.0,0.0,0.0,0.0,0.0,0.0,0.0,0.0,0,0.0,0,0,0,0.0,2025-11-11,nvai,0.0,lin,,,,,,,,
0,0.0,0.0,0.0,0.0,0.0,0.0,0.0,0.0,0.0,0.0,0.0,0.0,0,0.0,0,0,0,0.0,2025-11-12,nvai,0.0,lin,,,,,,,,
0,0.0,0.0,0.0,0.0,0.0,0.0,0.0,0.0,0.0,0.0,0.0,0.0,0,0.0,0,0,0,0.0,2025-11-13,nvai,0.0,lin,,,,,,,,
0,0.0,0.0,0.0,0.0,0.0,0.0,0.0,0.0,0.0,0.0,0.0,0.0,0,0.0,0,0,0,0.0,2025-11-14,nvai,0.0,lin,,,,,,,,
0,0.0,0.0,0.0,0.0,0.0,0.0,0.0,0.0,0.0,0.0,0.0,0.0,0,0.0,0,0,0,0.0,2025-11-15,nvai,0.0,lin,,,,,,,,
0,0.0,0.0,0.0,0.0,0.0,0.0,0.0,0.0,0.0,0.0,0.0,0.0,0,0.0,0,0,0,0.0,2025-11-16,nvai,0.0,lin,,,,,,,,
0,0.0,0.0,0.0,0.0,0.0,0.0,0.0,0.0,0.0,0.0,0.0,0.0,0,0.0,0,0,0,0.0,2025-11-17,nvai,0.0,lin,,,,,,,,
2,6.0,4.0,0.0,0.0,0.0,0.0,10.0,0.0,10.0,4.0,0.0,4.0,0,0.0,0,0,0,0.0,2025-11-18,nvai,0.0,lin,,,,,,,,
0,0.0,0.0,0.0,0.0,0.0,0.0,0.0,0.0,0.0,0.0,0.0,0.0,0,0.0,0,0,0,0.0,2025-11-19,nvai,0.0,lin,,,,,,,,
0,0.0,0.0,0.0,0.0,0.0,0.0,0.0,0.0,0.0,0.0,0.0,0.0,0,0.0,0,0,0,0.0,2025-11-20,nvai,0.0,lin,,,,,,,,
0,0.0,0.0,0.0,0.0,0.0,0.0,0.0,0.0,0.0,0.0,0.0,0.0,0,0.0,0,0,0,0.0,2025-11-21,nvai,0.0,lin,,,,,,,,
0,0.0,0.0,0.0,0.0,0.0,0.0,0.0,0.0,0.0,0.0,0.0,0.0,0,0.0,0,0,0,0.0,2025-11-22,nvai,0.0,lin,,,,,,,,
0,0.0,0.0,0.0,0.0,0.0,0.0,0.0,0.0,0.0,0.0,0.0,0.0,0,0.0,0,0,0,0.0,2025-11-23,nvai,0.0,lin,,,,,,,,
0,0.0,0.0,0.0,0.0,0.0,0.0,0.0,0.0,0.0,0.0,0.0,0.0,0,0.0,0,0,0,0.0,2025-11-24,nvai,0.0,lin,,,,,,,,
0,0.0,0.0,0.0,0.0,0.0,0.0,0.0,0.0,0.0,0.0,0.0,0.0,0,0.0,0,0,0,0.0,2025-11-25,nvai,0.0,lin,,,,,,,,
0,0.0,0.0,0.0,0.0,0.0,0.0,0.0,0.0,0.0,0.0,0.0,0.0,0,0.0,0,0,0,0.0,2025-11-26,nvai,0.0,lin,,,,,,,,
0,0.0,0.0,0.0,0.0,0.0,0.0,0.0,0.0,0.0,0.0,0.0,0.0,0,0.0,0,0,0,0.0,2025-11-27,nvai,0.0,lin,,,,,,,,
0,0.0,0.0,0.0,0.0,0.0,0.0,0.0,0.0,0.0,0.0,0.0,0.0,0,0.0,0,0,0,0.0,2025-11-28,nvai,0.0,lin,,,,,,,,
0,0.0,0.0,0.0,0.0,0.0,0.0,0.0,0.0,0.0,0.0,0.0,0.0,0,0.0,0,0,0,0.0,2025-11-29,nvai,0.0,lin,,,,,,,,
0,0.0,0.0,0.0,0.0,0.0,0.0,0.0,0.0,0.0,0.0,0.0,0.0,0,0.0,0,0,0,0.0,2025-11-30,nvai,0.0,lin,,,,,,,,
0,0.0,0.0,0.0,0.0,0.0,0.0,0.0,0.0,0.0,0.0,0.0,0.0,0,0.0,0,0,0,0.0,2025-12-01,nvai,0.0,lin,,,,,,,,
0,0.0,0.0,0.0,0.0,0.0,0.0,0.0,0.0,0.0,0.0,0.0,0.0,0,0.0,0,0,0,0.0,2025-12-02,nvai,0.0,lin,,,,,,,,
0,1.0,1.0,0.0,0.0,0.0,0.0,1.0,0.0,1.0,1.0,0.0,1.0,0,0.0,0,0,0,0.0,2025-12-03,nvai,0.0,lin,,,,,,,,
0,0.0,0.0,0.0,0.0,0.0,0.0,0.0,0.0,0.0,0.0,0.0,0.0,0,0.0,0,0,0,0.0,2025-12-04,nvai,0.0,lin,,,,,,,,
0,2.0,1.0,0.0,0.0,0.0,0.0,2.0,0.0,2.0,1.0,0.0,1.0,0,0.0,0,0,0,0.0,2025-12-05,nvai,0.0,lin,,,,,,,,
0,0.0,0.0,0.0,0.0,0.0,0.0,0.0,0.0,0.0,0.0,0.0,0.0,0,0.0,0,0,0,0.0,2025-12-06,nvai,0.0,lin,,,,,,,,
0,0.0,0.0,0.0,0.0,0.0,0.0,0.0,0.0,0.0,0.0,0.0,0.0,0,0.0,0,0,0,0.0,2025-12-07,nvai,0.0,lin,,,,,,,,
0,0.0,0.0,0.0,0.0,0.0,0.0,0.0,0.0,0.0,0.0,0.0,0.0,0,0.0,0,0,0,0.0,2025-12-08,nvai,0.0,lin,,,,,,,,
0,0.0,0.0,0.0,0.0,0.0,0.0,0.0,0.0,0.0,0.0,0.0,0.0,0,0.0,0,0,0,0.0,2025-12-09,nvai,0.0,lin,,,,,,,,
0,11.0,2.0,0.0,0.0,0.0,0.0,13.0,0.0,13.0,2.0,0.0,2.0,0,0.0,0,0,0,0.0,2025-12-10,nvai,0.0,lin,,,,,,,,
0,2.0,1.0,0.0,0.0,0.0,0.0,3.0,0.0,3.0,1.0,0.0,1.0,4,0.0,0,0,0,0.0,2025-12-11,nvai,0.0,lin,,,,,,,,
0,2.0,1.0,0.0,0.0,0.0,0.0,3.0,0.0,3.0,1.0,0.0,1.0,12,1.0,0,0,0,0.08333333333333333,2025-12-12,nvai,1.0,lin,,,,,,,,
0,0.0,0.0,0.0,0.0,0.0,0.0,0.0,0.0,0.0,0.0,0.0,0.0,0,0.0,0,0,0,0.0,2025-12-13,nvai,0.0,lin,,,,,,,,
0,1.0,1.0,0.0,0.0,0.0,0.0,1.0,0.0,1.0,1.0,0.0,1.0,10,1.0,0,0,0,0.1,2025-12-14,nvai,1.0,lin,,,,,,,,
0,1.0,1.0,0.0,0.0,0.0,0.0,1.0,0.0,1.0,1.0,0.0,1.0,14,3.0,0,0,0,0.21428571428571427,2025-12-15,nvai,3.0,lin,,,,,,,,
0,0.0,0.0,0.0,0.0,0.0,0.0,0.0,0.0,0.0,0.0,0.0,0.0,0,0.0,0,0,0,0.0,2025-12-16,nvai,0.0,lin,,,,,,,,
0,0.0,0.0,0.0,0.0,0.0,0.0,0.0,0.0,0.0,0.0,0.0,0.0,0,0.0,0,0,0,0.0,2025-12-17,nvai,0.0,lin,,,,,,,,
0,0.0,0.0,0.0,0.0,0.0,0.0,0.0,0.0,0.0,0.0,0.0,0.0,0,0.0,0,0,0,0.0,2025-12-18,nvai,0.0,lin,,,,,,,,
0,0.0,0.0,0.0,0.0,0.0,0.0,0.0,0.0,0.0,0.0,0.0,0.0,0,0.0,0,0,0,0.0,2025-12-19,nvai,0.0,lin,,,,,,,,
0,0.0,0.0,0.0,0.0,0.0,0.0,0.0,0.0,0.0,0.0,0.0,0.0,5,1.0,0,0,0,0.2,2025-12-20,nvai,1.0,lin,,,,,,,,
0,0.0,0.0,0.0,0.0,0.0,0.0,0.0,0.0,0.0,0.0,0.0,0.0,0,0.0,0,0,0,0.0,2025-12-21,nvai,0.0,lin,,,,,,,,
0,0.0,0.0,0.0,0.0,0.0,0.0,0.0,0.0,0.0,0.0,0.0,0.0,0,0.0,0,0,0,0.0,2025-12-22,nvai,0.0,lin,,,,,,,,
0,3.0,2.0,0.0,0.0,0.0,0.0,2.0,3.0,5.0,1.0,1.0,2.0,4,0.0,0,0,0,0.0,2025-12-23,nvai,0.0,lin,,,,,,,,
0,0.0,0.0,0.0,0.0,0.0,0.0,0.0,0.0,0.0,0.0,0.0,0.0,0,0.0,0,0,0,0.0,2025-12-24,nvai,0.0,lin,,,,,,,,
0,0.0,0.0,0.0,0.0,0.0,0.0,0.0,0.0,0.0,0.0,0.0,0.0,0,0.0,0,0,0,0.0,2025-12-25,nvai,0.0,lin,,,,,,,,
0,1.0,1.0,0.0,0.0,0.0,0.0,1.0,0.0,1.0,1.0,0.0,1.0,4,1.0,0,0,0,0.25,2025-12-26,nvai,1.0,lin,,,,,,,,
0,0.0,0.0,0.0,0.0,0.0,0.0,0.0,0.0,0.0,0.0,0.0,0.0,0,0.0,0,0,0,0.0,2025-12-27,nvai,0.0,lin,,,,,,,,
1,2.0,1.0,0.0,0.0,0.0,0.0,0.0,2.0,2.0,0.0,1.0,1.0,5,0.0,0,0,0,0.0,2025-12-28,nvai,0.0,lin,,,,,,,,
0,0.0,0.0,0.0,0.0,0.0,0.0,0.0,0.0,0.0,0.0,0.0,0.0,0,0.0,0,0,0,0.0,2025-12-29,nvai,0.0,lin,,,,,,,,
0,0.0,0.0,0.0,0.0,0.0,0.0,0.0,0.0,0.0,0.0,0.0,0.0,0,0.0,0,0,0,0.0,2025-12-30,nvai,0.0,lin,,,,,,,,
0,0.0,0.0,0.0,0.0,0.0,0.0,0.0,0.0,0.0,0.0,0.0,0.0,0,0.0,0,0,0,0.0,2025-12-31,nvai,0.0,lin,,,,,,,,
0,,,,,,,,,,,,,74,,0,0,0,0.0,2026-04-06,nvai,0.0,x,,0.0,0.0,0.0,0.0,0.0,0.0,0.0
0,,,,,,,,,,,,,105,,0,0,0,0.009523809523809525,2026-04-05,nvai,1.0,x,,0.0,0.0,0.0,1.0,0.0,0.0,0.0
1,,,,,,,,,,,,,161,,0,0,0,0.024844720496894408,2026-04-04,nvai,4.0,x,,0.0,0.0,1.0,0.0,0.0,0.0,0.0
0,,,,,,,,,,,,,855,,0,0,0,0.0023391812865497076,2026-04-03,nvai,2.0,x,,1.0,0.0,0.0,1.0,0.0,0.0,0.0
2,,,,,,,,,,,,,1640,,4,2,1,0.01768292682926829,2026-04-02,nvai,29.0,x,,1.0,0.0,0.0,6.0,0.0,0.0,0.0
2,,,,,,,,,,,,,1195,,13,7,1,0.03096234309623431,2026-04-01,nvai,37.0,x,,0.0,0.0,0.0,4.0,1.0,0.0,0.0
0,,,,,,,,,,,,,592,,2,0,0,0.011824324324324325,2026-03-31,nvai,7.0,x,,0.0,1.0,0.0,3.0,0.0,0.0,0.0
0,,,,,,,,,,,,,557,,0,0,0,0.003590664272890485,2026-03-30,nvai,2.0,x,,0.0,0.0,0.0,1.0,0.0,0.0,0.0
1,,,,,,,,,,,,,268,,0,0,0,0.014925373134328358,2026-03-29,nvai,4.0,x,,0.0,0.0,1.0,0.0,0.0,0.0,0.0
0,,,,,,,,,,,,,355,,0,1,0,0.014084507042253521,2026-03-28,nvai,5.0,x,,0.0,0.0,0.0,1.0,0.0,0.0,0.0
4,,,,,,,,,,,,,769,,5,1,0,0.022106631989596878,2026-03-27,nvai,17.0,x,,0.0,0.0,0.0,4.0,0.0,0.0,0.0
0,,,,,,,,,,,,,1083,,7,1,0,0.014773776546629732,2026-03-26,nvai,16.0,x,,0.0,0.0,0.0,3.0,1.0,0.0,0.0
3,,,,,,,,,,,,,1648,,18,8,0,0.03822815533980582,2026-03-25,nvai,63.0,x,,6.0,0.0,0.0,12.0,1.0,0.0,0.0
4,,,,,,,,,,,,,1619,,12,1,3,0.032736256948733784,2026-03-24,nvai,53.0,x,,7.0,0.0,0.0,10.0,0.0,0.0,0.0
0,,,,,,,,,,,,,250,,2,0,0,0.016,2026-03-23,nvai,4.0,x,,0.0,0.0,0.0,0.0,0.0,0.0,0.0
0,,,,,,,,,,,,,149,,0,0,0,0.006711409395973154,2026-03-22,nvai,1.0,x,,0.0,0.0,0.0,0.0,0.0,0.0,0.0
1,,,,,,,,,,,,,423,,2,0,0,0.02364066193853428,2026-03-21,nvai,10.0,x,,3.0,0.0,0.0,6.0,0.0,0.0,0.0
0,,,,,,,,,,,,,863,,5,0,0,0.012746234067207415,2026-03-20,nvai,11.0,x,,0.0,0.0,0.0,2.0,0.0,0.0,0.0
0,,,,,,,,,,,,,646,,7,0,0,0.018575851393188854,2026-03-19,nvai,12.0,x,,0.0,0.0,0.0,4.0,1.0,0.0,0.0
1,,,,,,,,,,,,,662,,4,8,0,0.022658610271903322,2026-03-18,nvai,15.0,x,,0.0,0.0,0.0,1.0,1.0,0.0,0.0
1,,,,,,,,,,,,,372,,1,0,0,0.021505376344086023,2026-03-17,nvai,8.0,x,,0.0,0.0,0.0,1.0,0.0,0.0,0.0
2,,,,,,,,,,,,,146,,1,0,0,0.04794520547945205,2026-03-16,nvai,7.0,x,,0.0,0.0,0.0,3.0,0.0,0.0,0.0
0,,,,,,,,,,,,,241,,2,0,0,0.04979253112033195,2026-03-15,nvai,12.0,x,,0.0,0.0,0.0,6.0,0.0,0.0,0.0
0,,,,,,,,,,,,,368,,1,0,0,0.008152173913043478,2026-03-14,nvai,3.0,x,,2.0,0.0,0.0,1.0,0.0,0.0,0.0
0,,,,,,,,,,,,,636,,6,0,0,0.020440251572327043,2026-03-13,nvai,13.0,x,,0.0,0.0,0.0,2.0,0.0,0.0,0.0
1,,,,,,,,,,,,,1021,,6,0,0,0.023506366307541625,2026-03-12,nvai,24.0,x,,0.0,0.0,0.0,9.0,1.0,0.0,0.0
2,,,,,,,,,,,,,669,,4,10,2,0.07025411061285501,2026-03-11,nvai,47.0,x,,0.0,0.0,0.0,9.0,1.0,0.0,0.0
2,,,,,,,,,,,,,509,,6,0,2,0.03732809430255403,2026-03-10,nvai,19.0,x,,0.0,0.0,0.0,6.0,0.0,0.0,0.0
0,,,,,,,,,,,,,249,,0,0,0,0.004016064257028112,2026-03-09,nvai,1.0,x,,0.0,0.0,0.0,1.0,0.0,0.0,0.0
1,,,,,,,,,,,,,65,,0,0,0,0.046153846153846156,2026-03-08,nvai,3.0,x,,0.0,0.0,0.0,2.0,0.0,0.0,0.0
0,,,,,,,,,,,,,114,,0,0,0,0.02631578947368421,2026-03-07,nvai,3.0,x,,0.0,0.0,0.0,0.0,0.0,0.0,0.0
1,,,,,,,,,,,,,243,,4,0,0,0.0411522633744856,2026-03-06,nvai,10.0,x,,1.0,0.0,0.0,2.0,0.0,0.0,0.0
1,,,,,,,,,,,,,805,,10,1,0,0.03602484472049689,2026-03-05,nvai,29.0,x,,1.0,0.0,0.0,6.0,1.0,0.0,0.0
1,,,,,,,,,,,,,886,,9,0,0,0.02144469525959368,2026-03-04,nvai,19.0,x,,1.0,0.0,0.0,3.0,0.0,0.0,0.0
0,,,,,,,,,,,,,769,,8,0,0,0.027308192457737322,2026-03-03,nvai,21.0,x,,0.0,0.0,0.0,7.0,0.0,0.0,0.0
0,,,,,,,,,,,,,287,,4,9,0,0.06620209059233449,2026-03-02,nvai,19.0,x,,0.0,0.0,0.0,3.0,1.0,0.0,0.0
0,,,,,,,,,,,,,147,,0,0,0,0.0,2026-03-01,nvai,0.0,x,,0.0,0.0,0.0,0.0,0.0,0.0,0.0
0,,,,,,,,,,,,,386,,2,0,0,0.007772020725388601,2026-02-28,nvai,3.0,x,,0.0,0.0,0.0,1.0,0.0,0.0,0.0
0,,,,,,,,,,,,,655,,4,4,0,0.01984732824427481,2026-02-27,nvai,13.0,x,,0.0,0.0,0.0,3.0,2.0,0.0,0.0
2,,,,,,,,,,,,,634,,7,0,0,0.026813880126182965,2026-02-26,nvai,17.0,x,,0.0,0.0,0.0,4.0,0.0,0.0,0.0
0,,,,,,,,,,,,,607,,2,1,0,0.03789126853377265,2026-02-25,nvai,23.0,x,,0.0,0.0,0.0,8.0,0.0,0.0,0.0
2,,,,,,,,,,,,,644,,9,7,0,0.06366459627329192,2026-02-24,nvai,41.0,x,,0.0,0.0,0.0,4.0,1.0,0.0,0.0
0,,,,,,,,,,,,,361,,2,0,0,0.027700831024930747,2026-02-23,nvai,10.0,x,,0.0,0.0,0.0,3.0,0.0,0.0,0.0
0,,,,,,,,,,,,,258,,0,0,0,0.023255813953488372,2026-02-22,nvai,6.0,x,,0.0,0.0,0.0,2.0,0.0,0.0,0.0
0,,,,,,,,,,,,,196,,1,0,0,0.00510204081632653,2026-02-21,nvai,1.0,x,,0.0,0.0,0.0,0.0,0.0,0.0,0.0
0,,,,,,,,,,,,,1056,,2,2,0,0.015151515151515152,2026-02-20,nvai,16.0,x,,0.0,0.0,0.0,2.0,0.0,0.0,0.0
2,,,,,,,,,,,,,415,,1,1,0,0.03855421686746988,2026-02-19,nvai,16.0,x,,0.0,0.0,0.0,3.0,1.0,0.0,0.0
2,,,,,,,,,,,,,398,,5,3,0,0.08040201005025126,2026-02-18,nvai,32.0,x,,0.0,0.0,0.0,10.0,0.0,0.0,0.0
2,,,,,,,,,,,,,189,,6,0,0,0.07936507936507936,2026-02-17,nvai,15.0,x,,0.0,0.0,0.0,2.0,1.0,0.0,0.0
0,,,,,,,,,,,,,46,,1,1,0,0.13043478260869565,2026-02-16,nvai,6.0,x,,0.0,0.0,0.0,1.0,1.0,0.0,0.0
0,,,,,,,,,,,,,43,,0,0,0,0.0,2026-02-15,nvai,0.0,x,,0.0,0.0,0.0,0.0,0.0,0.0,0.0
0,,,,,,,,,,,,,91,,0,0,0,0.0,2026-02-14,nvai,0.0,x,,0.0,0.0,0.0,0.0,0.0,0.0,0.0
0,,,,,,,,,,,,,30,,0,0,0,0.03333333333333333,2026-02-13,nvai,1.0,x,,0.0,0.0,0.0,1.0,0.0,0.0,0.0
2,,,,,,,,,,,,,105,,0,1,1,0.10476190476190476,2026-02-12,nvai,11.0,x,,0.0,0.0,1.0,3.0,2.0,0.0,0.0
2,,,,,,,,,,,,,18,,0,0,0,0.1111111111111111,2026-02-11,nvai,2.0,x,,0.0,0.0,0.0,0.0,0.0,0.0,0.0
0,,,,,,,,,,,,,1,,0,0,0,0.0,2026-02-05,nvai,0.0,x,,0.0,0.0,0.0,0.0,0.0,0.0,0.0
1,,,,,,,,,,,,,0,,0,0,0,0.0,2026-01-21,nvai,1.0,x,,0.0,0.0,0.0,0.0,0.0,0.0,0.0
1,,,,,,,,,,,,,0,,0,0,0,0.0,2026-01-20,nvai,1.0,x,,0.0,0.0,0.0,0.0,0.0,0.0,0.0
1,,,,,,,,,,,,,0,,0,0,0,0.0,2026-01-06,nvai,1.0,x,,0.0,0.0,0.0,0.0,0.0,0.0,0.0
1,,,,,,,,,,,,,0,,0,0,0,0.0,2026-01-03,nvai,1.0,x,,0.0,0.0,0.0,0.0,0.0,0.0,0.0
