postText,postUrl,postType,campaignName,postedBy,date,campaignStartDate,campaignEndDate,audience,impressions,views,offsiteViews,clicks,clickThroughRate,reactions,comments,shares,followersGained,engagementRate,contentType,acc,engagements,chan,postId,bookmarks,timesSent,profileVisits,detailExpands,urlClicks,hashtagClicks,permalinkClicks,type,pillar,umap_x,umap_y
"This week as the Nurvai Paper of the Week, we read SeedPolicy: Horizon Scaling via Self-Evolving Diffusion Policy for Robot Manipulation.

The paper highlights a key challenge in robotic manipulation: diffusion policies perform well on short-horizon tasks but struggle as task length increases. Multi-step behaviors require maintaining context across time, and without this, robots lose track of progress, errors accumulate, and performance degrades. This makes long-horizon execution one of the main bottlenecks in scaling real-world manipulation.

To address this, the authors introduce a self-evolving memory that compresses past observations into a compact latent state. Rather than increasing context windows, the policy selectively retains task-relevant information while filtering noise. This enables more stable long-horizon reasoning without significantly increasing model size or compute.

The approach shows strong improvements across long-horizon manipulation benchmarks, with higher success rates in multi-step tasks and performance comparable to much larger models. These results suggest that improving temporal reasoning can be as impactful as scaling data or model size.

At Nurvai , we find this direction particularly interesting. Better temporal memory means robots can learn from shorter demonstrations and fragmented skills, reducing the need for long, expensive teleoperation sessions. This raises an important question: scaling robot learning may depend not just on collecting more data, but on building policies that can better use data across time.

Stay tuned for more research and news!

#NurvaiPaperOfTheWeek #RoboticManipulation #PhysicalAI #EmbodiedAI",https://www.linkedin.com/feed/update/urn:li:activity:7445173564049281024,Orgánico,,Andrea Palacios Ilizaliturri,2026-04-01,,,Todos los seguidores,57,,,2.0,0.035087719559669495,2,1,2,,0.12280701845884323,,nvai,7.0,lin,,,,,,,,,POTW,ExtAmp,19.737602,11.8155985
"For this week’s Nurvai Researcher of the Week, we’d like to highlight Hao L. and the team behind UMI-Underwater for their work on cross-domain learning for robotic manipulation.

One of the biggest challenges in robotics is collecting data in difficult environments like underwater settings, where lighting, turbidity, and contact dynamics make demonstrations slow and expensive. This work takes a different approach by collecting manipulation data on land and transferring it zero-shot underwater using a single goal image, allowing the robot to autonomously find and grasp objects in a much harder environment.

For us, this highlights how powerful cross-domain data collection could be. If robots can learn in easier settings and deploy in more complex ones, we can scale datasets faster while reducing cost and risk. This kind of strategy could play an important role in building more robust and adaptable robotic systems.
Great work from the team. We’re excited to see how cross-environment learning continues to expand what robots can do in the real world.

#NurvaiResearcherOfTheWeek #Robotics #UMI #RealWorldData",https://www.linkedin.com/feed/update/urn:li:activity:7444800403797377024,Orgánico,,Mateo Yáñez Tanaka,2026-03-31,,,Todos los seguidores,55,,,1.0,0.0181818176060915,3,0,1,,0.09090909361839294,,nvai,5.0,lin,,,,,,,,,ROTW,ExtAmp,18.456001,10.771414
This week's #NurvaiPaperOfTheWeek got us thinking: What is the main bottleneck for dexterous robot manipulation?,https://www.linkedin.com/feed/update/urn:li:activity:7442946202335219713,Orgánico,,Mateo Yáñez Tanaka,2026-03-26,,,Todos los seguidores,61,,,5.0,0.08196721225976944,1,0,1,,0.1147540956735611,,nvai,7.0,lin,,,,,,,,,POTW,ExtAmp,18.890451,9.315335
"This week as the Nurvai Paper of The Week we read DexDrummer: In-Hand, Contact-Rich, and Long-Horizon Dexterous Robot Drumming.

The paper highlights a key challenge in dexterous robotics: most benchmarks isolate individual difficulties such as in-hand manipulation, contact-rich interaction, or long-horizon control. However, real-world tasks require all of these simultaneously, making it hard to evaluate whether current approaches truly scale to general dexterity.

To address this, the authors introduce robot drumming as a unified benchmark. Drumming naturally requires continuous interaction, repeated contact, and precise coordination. They propose a hierarchical approach combining high-level planning with low-level control to handle fast contact dynamics.

The system is trained in simulation and transferred to real hardware, showing up to 1.87× improvement over fixed-grasp baselines and successful multi-drum sequences, highlighting progress in contact-rich dexterity.

At Nurvai , we find this direction particularly interesting. Tasks like drumming naturally generate dense, long-horizon dexterous interaction, raising an important question: scaling robot learning may require not just more data, but better task design for data collection. 

Stay tuned for more research and news 👀 and find the paper linked in the first comment.

#NurvaiPaperOfTheWeek #DexterousRobots #EmbodiedAI",https://www.linkedin.com/feed/update/urn:li:activity:7442617983182671872,Orgánico,,Andrea Palacios Ilizaliturri,2026-03-25,,,Todos los seguidores,186,,,5.0,0.02688172087073326,11,1,2,,0.10215053707361221,,nvai,19.0,lin,,,,,,,,,POTW,ExtAmp,19.126682,8.995153
"For this week's Nurvai Researcher of The Week we'd like to highlight Cole Harrison and the team behind TOPReward. 

One of the core bottlenecks in robot learning today is not just policy learning, but reward design. In real-world settings, rewards are often sparse, hard to specify, and expensive to scale. This work shows that pretrained vision-language models already encode rich signals about task progress, and that these signals can be extracted directly from token probabilities, without additional supervision.

For us, one key takeaway is that better reward modeling might come less from annotation pipelines, and more from designing datasets that are inherently “legible” to foundation models.

Great work from the team! We’re excited to see how this direction reduces reliance on handcrafted rewards while reshaping how we think about scalable data collection in robotics.
#NurvaiResearcherOfTheWeek #RobotLearning #Datasets #VisionLanguageModels #EmbodiedAI",https://www.linkedin.com/feed/update/urn:li:activity:7442232852450021377,Orgánico,,Mateo Yáñez Tanaka,2026-03-24,,,Todos los seguidores,108,,,8.0,0.07407407462596893,3,0,1,,0.1111111119389534,,nvai,12.0,lin,,,,,,,,,ROTW,ExtAmp,18.80382,12.194963
This week's #NurvaiPaperOfTheWeek got us thinking: What is the main bottleneck to scaling humanoid robotics? ,https://www.linkedin.com/feed/update/urn:li:activity:7440402832639426560,Orgánico,,Mateo Yáñez Tanaka,2026-03-19,,,Todos los seguidores,121,,,3.0,0.024793388321995735,2,0,1,,0.04958677664399147,,nvai,6.0,lin,,,,,,,,,POTW,ExtAmp,16.595472,11.286164
"This week as the Nurvai Paper of The Week we read Ψ0 : An Open Foundation Model Towards Universal Humanoid Loco-Manipulation 

The paper highlights a key limitation in current humanoid learning approaches: combining human and robot data introduces an embodiment mismatch, since human motion differs in constraints, kinematics, and actuation. This makes learning inefficient and limits how well performance scales.

This becomes critical in tasks requiring loco-manipulation, where robots must coordinate movement and interaction with the environment. If scaling data does not translate due to this mismatch, simply increasing dataset size is not enough, and current VLA-style pipelines begin to plateau.

To address this, the authors propose Ψ₀ (Psi-Zero), a foundation model trained directly within the robot’s embodiment. Instead of relying on large amounts of human data, the approach focuses on learning a unified policy that captures both locomotion and manipulation in a consistent framework.

The result is a system that generalizes across tasks while remaining grounded in the physical constraints of the robot, suggesting a more scalable path for humanoid control.

At Nurvai, we find this perspective particularly interesting. It shifts the focus from scaling across domains to scaling within the right embodiment, raising important questions about what the correct data abstraction for robotics should be.

Stay tuned for more research and news 👀 (and find the paper linked in the first comment) 

#NurvaiPaperOfTheWeek  #EmbodiedAI #RealWorldData #VLA",https://www.linkedin.com/feed/update/urn:li:activity:7440088273160523776,Orgánico,,Andrea Palacios Ilizaliturri,2026-03-18,,,Todos los seguidores,265,,,5.0,0.01886792480945587,6,1,2,,0.05283018946647644,,nvai,14.0,lin,,,,,,,,,POTW,ExtAmp,19.15645,10.304309
"For this week’s Nurvai Researcher of the Week, we’d like to highlight Aaron Prather and the team behind ManipulationNet for their contribution to real-world evaluation in robotic manipulation.

One of the biggest challenges in robotics today is not just building capable systems, but understanding how well they actually perform outside of controlled environments. The lack of standardized, reproducible benchmarks has made it difficult to measure true progress. Work like this helps move the industry forward by introducing consistent tasks, shared setups, and comparable evaluation protocols across teams.

For us, it also highlights how critical structured and consistent data collection is. If we want reliable evaluation, the data behind these systems needs to be designed with the same level of rigor.

Great work from the team! We’re excited to see how this effort shapes more transparent and scalable evaluation in robotics.

#NurvaiResearcherOfTheWeek #Datasets #RealWorldData",https://www.linkedin.com/feed/update/urn:li:activity:7439711588468699137,Orgánico,,Mateo Yáñez Tanaka,2026-03-17,,,Todos los seguidores,146,,,13.0,0.0890410989522934,5,0,1,,0.13013698160648346,,nvai,19.0,lin,,,,,,,,,ROTW,ExtAmp,18.076447,10.792411
This week's #NurvaiPaperOfTheWeek got us thinking: How will egocentric data fit in robotics training? ,https://www.linkedin.com/feed/update/urn:li:activity:7437867726527897600,Orgánico,,Mateo Yáñez Tanaka,2026-03-12,,,Todos los seguidores,119,,,7.0,0.05882352963089943,3,0,1,,0.09243697673082352,,nvai,11.0,lin,,,,,,,,,POTW,ExtAmp,17.796867,11.577965
"This week as the Nurvai Paper Of The Week we read: PhysBrain: Human Egocentric Data as a Bridge from Vision-Language Models to Physical Intelligence

The paper tackles a key limitation in embodied AI: most Vision-Language Models are trained on third-person internet data, while robots perceive the world from a first-person perspective. This viewpoint mismatch makes it harder for models to reason about hand-object interactions, physical changes, and multi-step actions.

To address this, the authors propose using human egocentric video as a scalable training signal. They introduce an Egocentric2Embodiment pipeline that converts raw first-person video into structured supervision aligned with robotic actions, creating a dataset of about 3 million samples.

Using this data, they train PhysBrain, a VLM designed to better capture physical interactions from an egocentric viewpoint. The model improves performance on egocentric reasoning tasks and reaches a 53.9% success rate in robotic manipulation benchmarks.

At Nurvai, we find this direction particularly interesting. Human first-person video captures interactions exactly where perception and action meet, making it a promising path toward scaling physical intelligence without relying solely on costly robot data.

Stay tuned for more research and news  👀  (and find the paper linked in the first comment) 

#NurvaiPaperOfTheWeek #EgocentricData #RealWorldData #PhysicalIntelligence",https://www.linkedin.com/feed/update/urn:li:activity:7437545874358108160,Orgánico,,Andrea Palacios Ilizaliturri,2026-03-11,,,Todos los seguidores,238,,,11.0,0.04621848836541176,7,1,2,,0.0882352963089943,,nvai,21.0,lin,,,,,,,,,POTW,ExtAmp,18.102093,11.801185
"For this week's Nurvai's researcher of the week we'd like to highlight Marcel Torne Villasevil and his team for their contribution to robot learning and VLA design.

We know that one of the greatest challenges toward generalization and real-world deployment has been enabling robots to handle long-horizon tasks and environments with large context windows. Work like this helps move the industry forward by pushing the boundaries of how models can reason over extended sequences of actions and observations.

Great work from Marcel and the team!  We're excited to see how this line of research continues to influence the development of more capable robotic systems.

#NurvaiResearcherOfTheWeek  #Datasets #RealWorldData",https://www.linkedin.com/feed/update/urn:li:activity:7437177005818667009,Orgánico,,Mateo Yáñez Tanaka,2026-03-10,,,Todos los seguidores,218,,,12.0,0.055045872926712036,9,0,2,,0.1055045872926712,,nvai,23.0,lin,,,,,,,,,ROTW,ExtAmp,18.575188,11.273121
This week's #PaperOfTheWeek got us thinking: What will matter most for scaling VR teleoperation in robotics?,https://www.linkedin.com/feed/update/urn:li:activity:7435328526297300992,Orgánico,,Mateo Yáñez Tanaka,2026-03-05,,,Todos los seguidores,118,,,5.0,0.04237288236618042,4,0,1,,0.08474576473236084,,nvai,10.0,lin,,,,,,,,,Poll,ExtAmp,16.072748,8.312888
"As part of our efforts at Nurvai to grow the robotics community we've decided to launch Nurvai's Researcher Of The Week.

This week we'd like to highlight Wasim Ahmad and his team for their contribution to teleoperation and learning from demonstration. 

We understand that translating human grasp intent into stable robot grasps across different morphologies is far from trivial. We believe moving beyond simple fingertip mirroring and toward contact reasoning and force-closure optimization is exactly the kind of rigor the field needs.

Congratulations to the team on the publication in NPJ Robotics and looking forward to sharing more researchers in the weeks ahead

#NurvaiResearcherOfTheWeek",https://www.linkedin.com/feed/update/urn:li:activity:7434624847797719042,Orgánico,,Mateo Yáñez Tanaka,2026-03-03,,,Todos los seguidores,169,,,6.0,0.03550295904278755,8,0,1,,0.08875739574432373,,nvai,15.0,lin,,,,,,,,,ROTW,ExtAmp,18.915829,9.612545
"Nurvai's paper of the week: Teleoperation of Dual-Arm Manipulators via VR Interfaces: A Framework Integrating Simulation and Real-World Control 

The paper explores VR-based teleoperation for dual-arm manipulation, combining immersive digital twins with real-time point cloud rendering to improve operator perception and control.

The results show strong performance under local network conditions, while also surfacing an important trade-off: higher visual fidelity increases latency, placing practical limits on safety and comfort when operating over longer distances.

What stood out to us is the human side. Even with occlusions and complex bimanual coordination, operators seemed to adapt quickly and performance stabilizes over time. This highlights how intuitive interfaces scale to complex tasks 

At Nurvai, we see immersive teleoperation not just as a control mechanism, but as a way to generate rich, task-grounded human demonstration data. Exactly the kind needed to train and evaluate robust robotic manipulation systems.

Excited to see how this direction continues to shape the field.

(Paper linked in the first comment) 

#AI #Teleoperation #Data #Robotics",https://www.linkedin.com/feed/update/urn:li:activity:7434280276882690048,Orgánico,,Andrea Palacios Ilizaliturri,2026-03-02,,,Todos los seguidores,241,82.0,,13.0,0.05394190922379494,9,1,2,,0.10373444110155106,video,nvai,25.0,lin,,,,,,,,,Unspecified,ExtAmp,16.199297,8.186031
"A key challenge in modern robotics is developing systems that can effectively generalize from human demonstrations. So here we have a snippet of how we apply what we learn at Nurvai 

This video showcases a manipulation task inspired by the GM100 benchmark and industrial insights. (Find more in our past posts https://lnkd.in/ecmCvJaF )

The use of tongs adds a layer of complexity designed to improve generalization across both dexterous and gripper-style platforms. 

By tracking the operator's hand movements with high fidelity, we can apply inverse kinematics to determine precise joint states. 

What are your thoughts on using tool-based tasks to advance robotic learning?⬇️

Thanks to Isaac Neal and his team for providing the hardware used to collect this data

#AI #Datasets #Robotics #Egocentric",https://www.linkedin.com/feed/update/urn:li:activity:7433194179880443904,Orgánico,,Mateo Yáñez Tanaka,2026-02-27,,,Todos los seguidores,294,191.0,,14.0,0.0476190485060215,10,0,7,,0.10544217377901077,video,nvai,31.0,lin,,,,,,,,,Unspecified,ExtAmp,18.471857,9.510699
DreamDojo got us thinking: What is most relevant when collecting egocentric human data?,https://www.linkedin.com/feed/update/urn:li:activity:7433188216536539139,Orgánico,,Mateo Yáñez Tanaka,2026-02-27,,,Todos los seguidores,117,,,6.0,0.05128205195069313,5,0,1,,0.10256410390138626,,nvai,12.0,lin,,,,,,,,,Poll,ExtAmp,17.706127,11.392058
"Strong results from NVIDIA and a great demonstration of the power of egocentric human data.

At Nurvai, we see this as a reminder that progress isn’t driven by data quantity alone. Data quality, alignment, and coverage of real-world interactions are what make approaches like this scalable. Building datasets that reflect real constraints and behaviors is key to closing the sim-to-real gap and accelerating deployment.",https://www.linkedin.com/feed/update/urn:li:activity:7432811443810627585,Orgánico,,Mateo Yáñez Tanaka,2026-02-26,,,Todos los seguidores,143,,,5.0,0.03496503457427025,5,0,1,,0.07692307978868484,,nvai,11.0,lin,,,,,,,,,Unspecified,ExtAmp,16.457842,12.240417
"Training robots in the real world is risky, slow, and expensive.

So we rely on world models (simulated environments meant to stand in for reality)  but most still miss the nuances of real robot–object interaction.
A recent paper we read DreamDojo, changes this by learning from 44K hours of egocentric human video, injecting real-world diversity into robot world models. The result is a more general, interactive foundation for learning and planning before ever touching real hardware.

This work has been particularly relevant to our search.

At Nurvai , we believe this is only the beginning. We’re working toward providing more data (and making it more accessible) so models like this can benefit from larger, more diverse training sets.

Excited to see where this direction takes the field.

(Check the article in the first comment) 

(Figures from DreamDojo, Lin et al., CC BY)",https://www.linkedin.com/feed/update/urn:li:activity:7432477920654409728,Orgánico,,Andrea Palacios Ilizaliturri,2026-02-25,,,Todos los seguidores,270,,,22.0,0.08148147910833359,14,1,4,,0.1518518477678299,,nvai,41.0,lin,,,,,,,,,Unspecified,ExtAmp,18.430119,11.412187
"We just read “EgoBridge: Domain Adaptation for Generalizable Imitation from Egocentric Human Data” which shows us a very important step forward for robotics and embodied AI.

The reading introduces a co-training framework that makes the transfer from human action to robot action easier by aligning their latent spaces using domain adaptation. EgoBridge presents 44% improvement over human augmented cross embodiment baselines.

Why this could have a meaningful impact: It could help embodied AI learn more robust skills from abundant human demonstrations and move beyond narrow robot-only benchmarks.

This direction is closely aligned with what we’re building at Nurvai, enabling embodied systems to learn more transferable, real-world skills from human behavior.

Check the link in our first comment  (and take a look at our first tests)👇",https://www.linkedin.com/feed/update/urn:li:activity:7430636027641303040,Orgánico,,Andrea Palacios Ilizaliturri,2026-02-20,,,Todos los seguidores,424,,,29.0,0.06839622557163239,12,2,5,,0.11320754885673523,,nvai,48.0,lin,,,,,,,,,Unspecified,ExtAmp,18.984406,10.832336
"Roses are red.

Violets are blue.

This Valentine’s, we didn’t just make gifts, we collected data too. 

#ValentinesDay #DataCollection #Robotics #Cobot",https://www.linkedin.com/feed/update/urn:li:activity:7428253583759884288,Orgánico,,Andrea Palacios Ilizaliturri,2026-02-14,,,Todos los seguidores,659,264.0,,69.0,0.10470409691333771,16,0,2,,0.13201820850372314,video,nvai,87.0,lin,,,,,,,,,Unspecified,ExtAmp,17.186953,10.886775
"Interesting new preprint: The Great March 100 proposes a 100 novel tasks that seek to diversify robot learning and improve model generalization. 

This could meaningfully impact robotics by moving embodied AI past narrow benchmarks. 

Check the article: https://lnkd.in/g5Tywdmn
Via: arXiv

#AIAgents #DetailOriented #Robotics #ModelGeneralization ",https://www.linkedin.com/feed/update/urn:li:activity:7427742927101292545,Orgánico,,Andrea Palacios Ilizaliturri,2026-02-12,,,Todos los seguidores,589,,,18.0,0.030560271814465523,7,0,2,,0.04584040865302086,,nvai,27.0,lin,,,,,,,,,Unspecified,ExtAmp,18.940811,11.224039
"Take a look at the two pictures. In one, a robot stands atop a spacecraft. In the other, the same robot is standing right next to it.

If you compare them carefully, you can calculate the heights and figure out exactly what you’re looking at.

So, which robot 🤖 is it?

- Optimus (Tesla)
- Digit (Agility Robotics)
- Atlas (Boston Dynamics)

Bonus: What spacecraft is the robot standing on ?

#BrainTeaser #CanYouSolveIt #DataCollection #MeasurementMatters #Robotics #HumanoidRobots #RoboticsEngineering #FutureOfRobotics #SpaceTech",https://www.linkedin.com/feed/update/urn:li:activity:7427105797584633856,Orgánico,,Omer Dar,2026-02-10,,,Todos los seguidores,328,,,19.0,0.057926829904317856,6,0,1,,0.07926829159259796,,nvai,26.0,lin,,,,,,,,,Unspecified,ExtAmp,16.733122,10.476437
"The Nurvai version of Taco Tuesday, a bit messy, a bit fun, a lot of learning. 

This is what human generated data actually looks like. This is what the next generation of robotics datasets will look like. 



#Teleoperation #RoboticsDatasets #DataCollection #PhysicalIntelligence  #Nurvai
",https://www.linkedin.com/feed/update/urn:li:activity:7422022266114310144,Orgánico,,Andrea Palacios Ilizaliturri,2026-01-27,,,Todos los seguidores,1460,623.0,,126.0,0.08630137145519257,15,2,3,,0.10000000149011612,video,nvai,146.0,lin,,,,,,,,,Unspecified,ExtAmp,17.385391,10.654057
"We produce data for robotics 🤖
Data that can change the world — and make it better.

Our mission is simple:
Make high-quality robotics data more accessible to more companies — faster, at lower cost, and at scale.

Doing this right takes structure, processes, and resources.
 But above all, it takes great people.

Everything starts with people.
 And that belief is part of our evolution.

Robots won’t replace us —
 They’ll give us the freedom to pursue the next big dream.

Here’s a small sample of what we do 👇

#HumansAndAI 
#AIData
#Robotics
#Datasets
#PhysicalIntelligence
#FutureOfWork",https://www.linkedin.com/feed/update/urn:li:activity:7419164336130019328,Orgánico,,Omer Dar,2026-01-19,,,Todos los seguidores,1469,529.0,,52.0,0.03539822995662689,12,0,4,,0.046289991587400436,video,nvai,68.0,lin,,,,,,,,,Unspecified,ExtAmp,17.14561,10.7929735
"Musk is predicting that in 3-4 years we will have robotic surgeons at scale...

The future is exciting! 

https://lnkd.in/eZrbEXik",https://www.linkedin.com/feed/update/urn:li:activity:7416466015892701184,Orgánico,,Omer Dar,2026-01-12,,,Todos los seguidores,315,,,6.0,0.01904761977493763,1,0,1,,0.02539682574570179,,nvai,8.0,lin,,,,,,,,,Unspecified,ExtAmp,17.341051,11.040088
"To achieve the goal of 10 billion robots by 2040, companies like #Nurvai must take the lead in creating datasets. Models require data to function, and the creation of this data must increase exponentially in the coming years.


https://lnkd.in/eiSkkH4a",https://www.linkedin.com/feed/update/urn:li:activity:7406019756002000896,Orgánico,,Omer Dar,2025-12-14,,,Todos los seguidores,150,,,8.0,0.0533333346247673,1,0,0,,0.05999999865889549,,nvai,9.0,lin,,,,,,,,,Unspecified,ExtAmp,17.116089,11.002117
https://lnkd.in/epeqQ7dG,https://www.linkedin.com/feed/update/urn:li:activity:7405007975687299072,Orgánico,,Omer Dar,2025-12-11,,,Todos los seguidores,110,,,4.0,0.036363635212183,1,0,0,,0.04545454680919647,,nvai,5.0,lin,,,,,,,,,Unspecified,ExtAmp,13.187572,9.654029
"Last week, our Marketing & Design team led Wexpand’s “Live the Brand” workshop: a powerful session to unite every team around one goal: Don’t just communicate the brand. Live it.

Our key outcomes:

- Unified message architecture: every team now speaks the same value language.
- Internal advocacy: Wexpanders identified their role as brand ambassadors.
- Scalability mindset: created a framework to replicate brand consistency as Wexpand grows internationally.
- Reinforced that empathy and performance go hand-in-hand

📸 Scroll through to see how brand, people, and strategy came together.",https://www.linkedin.com/feed/update/urn:li:activity:7386422013281800192,Orgánico,,Andrea Palacios Ilizaliturri,2025-10-21,,,Todos los seguidores,4252,,,277.0,0.0651458129286766,11,2,7,,0.06984948366880417,,buis,297.0,lin,,,,,,,,,Unspecified,Unspecified,11.605752,9.5538435
"Today at Wexpand we sat down with Ricardo Moncada Castillo, our Project Manager, to unpack and learn how structured thinking transforms complexity into direction.

From planning to execution, Ricardo emphasizes that great project management isn’t just about frameworks or software, it’s about people.

Every project moves through four key stages. We’ve broken them down in the visuals below, swipe through to explore how each step builds clarity 👇 
",https://www.linkedin.com/feed/update/urn:li:activity:7383945958289506304,Orgánico,,Andrea Palacios Ilizaliturri,2025-10-14,,,Todos los seguidores,2199,,,320.0,0.14552068710327148,20,0,5,,0.15688949823379517,,buis,345.0,lin,,,,,,,,,Unspecified,Unspecified,11.809558,9.636555
"We’re so proud of our team for leading spaces that help more people grow with confidence.

👀 If you haven’t signed up yet for this free live session happening this Saturday, check the link in the original post 

And follow Wexpand Talent for more job openings, resources, and opportunities to keep growing your career. 🚀💙",https://www.linkedin.com/feed/update/urn:li:activity:7381742744089714689,Orgánico,,Andrea Palacios Ilizaliturri,2025-10-08,,,Todos los seguidores,1016,,,52.0,0.05118110403418541,4,0,2,,0.05708661302924156,,buis,58.0,lin,,,,,,,,,Unspecified,Unspecified,11.768967,9.456182
"We love having you here on our LinkedIn page 🙌
But we’re curious… Take a second to vote and let us know 👇",https://www.linkedin.com/feed/update/urn:li:activity:7354177232061313024,Orgánico,,Andrea Palacios Ilizaliturri,2025-07-24,,,Todos los seguidores,1441,,,40.0,0.02775850147008896,9,0,3,,0.036086052656173706,,buis,52.0,lin,,,,,,,,,Unspecified,Unspecified,12.835404,9.6347885
"📍Mid-Year Reflection | 2025

Half the year is behind us — and with it, six months of growth, challenges, and transformation.

At Wexpand, we’re proud of the talent we’ve helped our clients connect with, the teams we’ve helped scale, and the culture we continue to build: one that values people, performance, and purpose in equal measure.

As we move into the second half of the year, we stay focused on what matters most:
✅ Creating strategic, high-performance remote teams
 ✅ Supporting our partners with fast, human-centered recruitment
 ✅ Empowering our own team to lead with ownership and empathy

Growth is not just about numbers — it’s about impact.

Let’s keep building teams that matter. 💡

#Wexpand #Leadership #RemoteTeams #MidYearReflection #Nearshoring #TeamGrowth #ScalingSmart #GlobalTalent",https://www.linkedin.com/feed/update/urn:li:activity:7346942717832155136,Orgánico,,Maricela Hamdan,2025-07-04,,,Todos los seguidores,3695,,,47.0,0.012719891965389252,4,0,1,,0.014073072001338005,,buis,52.0,lin,,,,,,,,,Unspecified,Unspecified,11.644568,9.533605
"🔹 The right talent doesn’t just fill a seat — it drives your business forward.

At Wexpand, we specialize in helping companies scale remote teams across Latin America with precision, speed, and cultural alignment.

Whether you're expanding your operations or building a team from scratch, we offer:
📌 Fully managed recruitment solutions
📌 Fast and efficient hiring processes
📌 Access to top-tier, pre-vetted talent
📌 Strategic support from day one

Our clients choose us not just to fill roles — but to build long-term teams that accelerate growth.

If you're navigating the challenges of global hiring and want a partner who understands both your business and the LATAM market, let’s connect.

We’re here to help you grow — strategically, sustainably, and successfully.

📩 Contact us to explore how we can support your hiring goals.

#Wexpand #Nearshoring #RemoteTalent #LATAMRecruiting #GlobalHiring #RecruitmentSolutions #ScalingSmart #StrategicGrowth",https://www.linkedin.com/feed/update/urn:li:activity:7346583135800709120,Orgánico,,Maricela Hamdan,2025-07-03,,,Todos los seguidores,1817,,,25.0,0.013758943416178226,3,2,2,,0.017611447721719742,,buis,32.0,lin,,,,,,,,,Unspecified,Unspecified,11.371483,9.414938
"📚 Ya tienes la estrategia. Ahora depende de ti.
Aprendiste cómo destacar tu CV, optimizar tu LinkedIn, enfrentar entrevistas en inglés, aplicar con intención y negociar tu valor.

🎯 Las mejores oportunidades no esperan.
Aplica esta estrategia, actúa rápido y da el siguiente paso hacia tu carrera internacional.

#7DiasWexpand #TalentoGlobal #CarreraInternacional #TrabajoRemoto #WexpandChallenge",https://www.linkedin.com/feed/update/urn:li:activity:7323117806827339776,Orgánico,,Daniel Jimenez,2025-04-29,,,Todos los seguidores,2670,674.0,,90.0,0.033707864582538605,6,0,2,,0.03670411929488182,video,buis,98.0,lin,,,,,,,,,Unspecified,Unspecified,10.680891,9.140117
"💼 Si tú no valoras tu trabajo, ¿por qué lo haría una empresa?
Aprende a negociar tu sueldo sin miedo.
Evitar errores comunes al negociar puede marcar la diferencia entre un buen trabajo… y una gran oportunidad.

#NegociaciónInteligente #CarreraGlobal #7DiasWexpand",https://www.linkedin.com/feed/update/urn:li:activity:7322793417187467264,Orgánico,,Daniel Jimenez,2025-04-29,,,Todos los seguidores,1314,203.0,,33.0,0.0251141544431448,8,0,0,,0.03120243549346924,video,buis,41.0,lin,,,,,,,,,Unspecified,Unspecified,10.558876,9.087108
"🎯 Aplicar sin estrategia es perder tiempo.
No se trata de postularte en todos lados… sino en los lugares correctos.

Hoy te compartimos dónde sí aplicar si quieres conseguir trabajo en una empresa extranjera con buenas oportunidades.
Menos volumen. Más intención.

#7DiasWexpand #EmpleoRemoto #TalentoGlobal #CarreraInternacional #Nearshoring",https://www.linkedin.com/feed/update/urn:li:activity:7322437704879624193,Orgánico,,Daniel Jimenez,2025-04-28,,,Todos los seguidores,727,159.0,,23.0,0.03163686394691467,4,0,1,,0.03851444274187088,video,buis,28.0,lin,,,,,,,,,Unspecified,Unspecified,10.4855585,8.843652
"🗣️ ¿Inglés perfecto? ❌
Lo que necesitas es confianza para comunicarte bien.

Hoy te mostramos los errores más comunes en entrevistas en inglés (y cómo evitarlos).
Hablar claro y con intención vale más que pronunciar como nativo.

#7DiasWexpand #EntrevistaEnIngles #TalentoGlobal #CarreraInternacional #TrabajoRemoto",https://www.linkedin.com/feed/update/urn:li:activity:7321979966391259136,Orgánico,,Daniel Jimenez,2025-04-26,,,Todos los seguidores,539,115.0,,29.0,0.05380333960056305,4,0,1,,0.06307977437973022,video,buis,34.0,lin,,,,,,,,,Unspecified,Unspecified,10.190545,8.921594
"Estás en LinkedIn…
pero ¿te están encontrando? 👀

Tener perfil no es suficiente.
Cuando lo optimizas con intención, las oportunidades vienen a ti.
No se trata de estar. Se trata de destacar.

#7DiasWexpand #LinkedInTips #TalentoGlobal #CarreraInternacional #TrabajoRemoto",https://www.linkedin.com/feed/update/urn:li:activity:7321703101336358912,Orgánico,,Daniel Jimenez,2025-04-26,,,Todos los seguidores,447,97.0,,14.0,0.031319908797740936,2,0,1,,0.03803132101893425,video,buis,17.0,lin,,,,,,,,,Unspecified,Unspecified,10.707492,9.02501
"📌 ¿Cómo conseguir trabajo en una empresa extranjera en una semana?

Día 1: Empecemos por el CV.
Tu presentación profesional es la base para que tu perfil cruce fronteras.
Este es el primer paso para transformar tu carrera y abrirte al mundo 🌍

#7DiasWexpand #CVInternacional #TrabajoRemoto #TalentoGlobal #CarreraInternacional",https://www.linkedin.com/feed/update/urn:li:activity:7321323326570729472,Orgánico,,Daniel Jimenez,2025-04-25,,,Todos los seguidores,442,125.0,,23.0,0.05203619971871376,6,0,1,,0.06787330657243729,video,buis,30.0,lin,,,,,,,,,Unspecified,Unspecified,10.610192,9.132562
"Mexico offers a strategic advantage for U.S. companies:
A shared time zone and strong cultural alignment help teams collaborate easily and integrate faster.
That’s key for remote success.

#Wexpand #StrategicAdvantage #RemoteTeams",https://www.linkedin.com/feed/update/urn:li:activity:7318773708381188096,Orgánico,,Daniel Jimenez,2025-04-17,,,Todos los seguidores,572,,,14.0,0.024475524201989174,7,0,3,,0.0419580414891243,,buis,24.0,lin,,,,,,,,,Unspecified,Unspecified,11.242108,9.279178
"Global teams = faster execution, lower costs, and better results.
Wexpand connects U.S. companies with top talent in LATAM—fast.

Why wait months to hire locally when you can scale in weeks?

Let’s build the future of work, together.
#Wexpand #GlobalTeam #RemoteWork #Nearshoring #TalentStrategy",https://www.linkedin.com/feed/update/urn:li:activity:7318029332218601473,Orgánico,,Daniel Jimenez,2025-04-15,,,Todos los seguidores,471,295.0,,30.0,0.06369426846504211,5,0,2,,0.07855626195669174,video,buis,37.0,lin,,,,,,,,,Unspecified,Unspecified,11.412786,9.4219885
"Wexpand offers full talent management:
Administration, legal, payroll, and benefits—so you can focus on growing your business.

#BPO #TalentSupport #Wexpand",https://www.linkedin.com/feed/update/urn:li:activity:7316888424622288896,Orgánico,,Daniel Jimenez,2025-04-12,,,Todos los seguidores,362,,,8.0,0.0220994483679533,6,0,3,,0.04696132615208626,,buis,17.0,lin,,,,,,,,,Unspecified,Unspecified,11.343082,9.35945
"Here’s something you won’t hear often:
Many U.S. companies are building remote teams in Mexico to move faster and cut costs.

And they’re looking for skilled professionals—just like you.
Let Wexpand connect you with real global opportunities.

#Wexpand #RemoteCareers #TalentLATAM #WorkWithoutBorders",https://www.linkedin.com/feed/update/urn:li:activity:7316606367329390593,Orgánico,,Daniel Jimenez,2025-04-11,,,Todos los seguidores,574,265.0,,35.0,0.060975611209869385,8,1,5,,0.08536585420370102,video,buis,49.0,lin,,,,,,,,,Unspecified,Unspecified,11.228878,9.344631
"Un día siendo Manuel Villa 🧑‍💼 ✈️ 

Hoy en #ADayAtWexpand acompañamos a Manuel Villa, Reclutador de Wexpand. 

En esta tercera historia seguimos mostrando lo que normalmente no se ve, porque es en lo cotidiano donde realmente se vive la cultura. 

Seguimos abriendo nuestras puertas, y lo mejor aún está por venir. 💙 

#CulturaLaboral #TeamLife #Reclutamiento #PeopleFirst #WexpandTalent",https://www.linkedin.com/feed/update/urn:li:activity:7445134506405236736,Orgánico,,Andrea Palacios Ilizaliturri,2026-04-01,,,Todos los seguidores,539,,,863.0,1.601113200187683,14,1,2,,1.6326531171798706,,tal,880.0,lin,,,,,,,,,Unspecified,Unspecified,10.052279,9.331813
"¡El pasado sábado 28 de marzo tuvimos nuestro Torneo de Pádel Wexpand y la energía fue increíble en nuestra sede Guadalajara!

Un aplauso enorme a todo el equipo de People por organizar este evento tan cool y a todos los que se animaron a participar. 

¡Demostramos que en Wexpand no solo somos buenos en lo nuestro, sino también en la cancha (a veces🤫)!

Seguimos creando espacios para conectar y divertirnos, porque sabemos que un equipo unido es un equipo imparable. ¡Gracias a todos! 💙

#WexpandTalent #TorneoPadelWexpand #EquipoWexpand #Guadalajara",https://www.linkedin.com/feed/update/urn:li:activity:7444436747960115200,Orgánico,,Andrea Palacios Ilizaliturri,2026-03-30,,,Todos los seguidores,318,,,203.0,0.6383647918701172,14,1,3,,0.694968581199646,,tal,221.0,lin,,,,,,,,,Unspecified,Unspecified,9.905561,9.1410675
"Un día siendo Jimena Costero 👩‍💻 💙 

Las historias continúa con #ADayAtWexpand. Hoy te mostramos un día desde la perspectiva de nuestra interna de marketing, donde cada detalle suma a lo que construimos como equipo.

Esto apenas comienza. Muy pronto conocerás más personas, más historias y más momentos que conforman a nuestro equipo. 🤝 

#CulturaLaboral #TeamLife #MKT #PeopleFirst #WexpandTalent",https://www.linkedin.com/feed/update/urn:li:activity:7442956738162606080,Orgánico,,Andrea Palacios Ilizaliturri,2026-03-26,,,Todos los seguidores,712,,,834.0,1.1713483333587646,23,1,4,,1.2106741666793823,,tal,862.0,lin,,,,,,,,,Unspecified,Unspecified,10.194742,9.417847
"Un día siendo Maricela Hamdan 👩‍💼✨

Hoy lanzamos #ADayAtWexpand y acompañamos a Marita, líder de reclutamiento, en un día real con nosotros.

En esta serie queremos mostrar lo que normalmente no se ve porque al final, una buena cultura no solo se dice, se vive a diario.

Esta es nuestra primera historia. Muy pronto conocerás más personas y más días dentro de nuestro equipo.💙 

#CulturaLaboral #TeamLife #Reclutamiento #PeopleFirst #WexpandTalent",https://www.linkedin.com/feed/update/urn:li:activity:7440099173993066496,Orgánico,,Andrea Palacios Ilizaliturri,2026-03-18,,,Todos los seguidores,434,,,375.0,0.8640552759170532,13,3,3,,0.9078341126441956,,tal,394.0,lin,,,,,,,,,Unspecified,Unspecified,9.863567,9.336985
"El pasado 12 de marzo en la oficina de Ciudad de México como parte de la jornada de salud conjunto al IMSS, nuestro equipo tuvo la oportunidad de vacunarse contra influenza y sarampión. 

Queremos agradecer a NOE ARTURO GARCIA por impulsar y organizar esta iniciativa. Gracias también a todos los colaboradores que participaron y se tomaron este momento para priorizar su salud. 

En Wexpand seguimos creando iniciativas que nos recuerden que cuidarnos es parte de crecer como equipo, y es tarea de todos. 💙

#WexpandTalent #Vacunación #Prevención",https://www.linkedin.com/feed/update/urn:li:activity:7438265332026220544,Orgánico,,Andrea Palacios Ilizaliturri,2026-03-13,,,Todos los seguidores,208,,,50.0,0.24038460850715637,7,3,3,,0.30288460850715637,,tal,63.0,lin,,,,,,,,,Unspecified,Unspecified,9.810961,9.083114
"Detrás de escena del reclutamiento:
llamadas, entrevistas y decisiones clave que hacen posible una contratación exitosa👩🏻‍💻💫 
#Reclutamiento #Talento #HiringSuccess  #wexpandtalent",https://www.linkedin.com/feed/update/urn:li:activity:7429586126819983360,Orgánico,,Andrea Palacios Ilizaliturri,2026-02-17,,,Todos los seguidores,524,178.0,,35.0,0.06679389625787735,7,0,3,,0.08587786555290222,video,tal,45.0,lin,,,,,,,,,Unspecified,Unspecified,10.760747,9.238986
"A veces el reclutamiento se siente exactamente así:
“¿Formamos una alianza?”
Porque el mejor match siempre es un trabajo en equipo🫂🙌🏼
#TalentAcquisition #CorporateHumor #Hiring #wexpandtalent",https://www.linkedin.com/feed/update/urn:li:activity:7427766160835928065,Orgánico,,Andrea Palacios Ilizaliturri,2026-02-12,,,Todos los seguidores,379,101.0,,21.0,0.05540896952152252,7,1,3,,0.08443272113800049,video,tal,32.0,lin,,,,,,,,,Unspecified,Unspecified,10.751817,9.23372
"Amamos esta nueva serie de nuestra líder de reclutamiento Maricela Hamdan. ¡Estamos felices de que seas parte de Wexpand!

La experiencia de Maricela (o Marita 🩵 ) , su liderazgo y visión aportan un gran valor a nuestro equipo y a toda la comunidad que forma parte de Wexpand.",https://www.linkedin.com/feed/update/urn:li:activity:7427746971056259072,Orgánico,,Andrea Palacios Ilizaliturri,2026-02-12,,,Todos los seguidores,103,,,11.0,0.10679611563682556,0,0,0,,0.10679611563682556,,tal,11.0,lin,,,,,,,,,Unspecified,Unspecified,9.7873,9.413606
"Te presentamos oficialmente a Maricela Hamdan, nuestra líder de reclutamiento 🫡 

Gracias por tu compromiso y por ser parte clave de nuestro equipo. 

¡Vamos por más! ",https://www.linkedin.com/feed/update/urn:li:activity:7426669550860976131,Orgánico,,Andrea Palacios Ilizaliturri,2026-02-09,,,Todos los seguidores,278,,,19.0,0.0683453232049942,6,2,1,,0.10071942210197449,,tal,28.0,lin,,,,,,,,,Unspecified,Unspecified,9.628981,9.368066
¡We are HIRING!,https://www.linkedin.com/feed/update/urn:li:activity:7425586922712031233,Orgánico,,Andrea Palacios Ilizaliturri,2026-02-06,,,Todos los seguidores,235,,,10.0,0.042553190141916275,0,0,0,,0.042553190141916275,,tal,10.0,lin,,,,,,,,,Unspecified,Unspecified,11.072429,9.463263
"La emoción también forma parte del reclutamiento🥳 💫 
Celebramos cada incorporación que suma talento, cultura y compromiso a los equipos de nuestros clientes.
#Reclutamiento #Talento #EmployerBranding #PeopleFirst #wexpandtalent",https://www.linkedin.com/feed/update/urn:li:activity:7424882098957750272,Orgánico,,Andrea Palacios Ilizaliturri,2026-02-04,,,Todos los seguidores,333,110.0,,17.0,0.051051050424575806,11,0,1,,0.08708708733320236,video,tal,29.0,lin,,,,,,,,,Unspecified,Unspecified,10.58744,9.267281
"¡Arrancamos el año celebrando a quienes lo hacen especial en Wexpand! 💙

Este enero reconocemos a quienes cumplen años, quienes con su energía, talento y buena vibra, hacen que cada día en equipo valga la pena.

Desde People Operations y Marketing seguimos creyendo que visibilizar a las personas que dan vida a esta cultura es clave.",https://www.linkedin.com/feed/update/urn:li:activity:7423026928808374272,Orgánico,,Andrea Palacios Ilizaliturri,2026-01-30,,,Todos los seguidores,271,,,12.0,0.04428044334053993,5,0,1,,0.06642066687345505,,tal,18.0,lin,,,,,,,,,Unspecified,Unspecified,10.415183,9.177489
"Este 2026, lanzamos Wexpand Opportunities como una iniciativa clave del año: acercarte vacantes reales, activas y alineadas a tu crecimiento. 

Nuestro equipo quiere que tengas visibilidad constante de oportunidades y que aplicar sea más simple para ti.

Vacantes abiertas esta semana :

- Marketing Intern.
- Marketing Automatization Specialist.
- Intern de Reclutamiento.
- QSP Design Engineer.
- Structural Engineer II.
- Finance Analyst.
- Accounting & Reporting Manager.
- Robotics Intern.
- QC Drafter.
- Business Analyst.
- Reclutador.
- Customer Support Specialist.

✅ ¿Cómo aplicar?: links en el primer comentario (pinned).

#WexpandOpportunities #LunesDeVacantes #Hiring #RemoteWork #CareerGrowth",https://www.linkedin.com/feed/update/urn:li:activity:7416520602192089088,Orgánico,,Andrea Palacios Ilizaliturri,2026-01-12,,,Todos los seguidores,1828,,,169.0,0.09245076775550842,20,1,12,,0.11050327867269516,,tal,202.0,lin,,,,,,,,,Unspecified,Unspecified,10.824444,9.089277
"🎂 ¡Celebramos el talento y la vida en Wexpand! 🧡  

Este octubre reconocemos a quienes no solo cumplen años, sino que suman con su energía, creatividad y compromiso día a día 

Como iniciativa conjunta entre People Operations y Marketing, creemos que es importante visibilizar quiénes forman parte de nuestro equipo y cómo los celebramos. 

Porque cada persona cuenta y merece ser reconocida. ¡Gracias por ser parte de esta cultura que crece, se apoya y celebra junta! 

👇 📸 Conoce al team cumpleañero de octubre 🎃 

Marcela García Vera Valeria Cerrillo ",https://www.linkedin.com/feed/update/urn:li:activity:7390048447212580864,Orgánico,,Andrea Palacios Ilizaliturri,2025-10-31,,,Todos los seguidores,621,,,224.0,0.3607085347175598,14,0,2,,0.3864734172821045,,tal,240.0,lin,,,,,,,,,Unspecified,Unspecified,10.246474,9.114518
"La semana pasada nuestro equipo de Marketing impartió su ""Live the Brand Workshop"" un espacio diseñado para reconectar con lo que nos hace ser Wexpand y cómo cada persona y equipo lo puede transmitir día a día.

Durante esta sesión exploramos nuestra esencia de marca, valores y tono de voz, revisando juntos los nuevos Brand Guidelines (diseñados por Marketing en conjunto con Dirección) que darán forma a cómo nos comunicamos, colaboramos y proyectamos hacia afuera.

A lo largo del taller, participamos en dinámicas interactivas donde cada equipo (desde operaciones hasta finanzas) compartió su perspectiva sobre lo que significa vivir la marca.

Incluso tuvimos participantes conectados en línea, porque vivir la marca también significa incluir a todas las voces, sin importar desde dónde trabajemos 💙 

#WexpandTalent  #EmployerBranding #PeopleFirst #BilingualMindset #Community #KeepItHuman",https://www.linkedin.com/feed/update/urn:li:activity:7386141640652066817,Orgánico,,Andrea Palacios Ilizaliturri,2025-10-20,,,Todos los seguidores,1054,,,232.0,0.2201138585805893,20,4,6,,0.24857684969902039,,tal,262.0,lin,,,,,,,,,Unspecified,Unspecified,10.277879,9.05713
"¡Tenemos nuevo talento en el equipo! 🚨

Con mucha emoción le damos la bienvenida a Israel Ámbriz, nuestro nuevo Reclutador Bilingüe.

Con formación como psicólogo organizacional, Israel llega con experiencia en atracción de talento para industrias de manufactura y servicios, entrevistas por competencias, herramientas con inteligencia artificial y procesos ágiles.

¡Bienvenido, Israel! 🚀 

 Nos emocionará verte crecer con nostros y sumar a esta comunidad de alto desempeño.",https://www.linkedin.com/feed/update/urn:li:activity:7384648900479115265,Orgánico,,Andrea Palacios Ilizaliturri,2025-10-16,,,Todos los seguidores,856,,,49.0,0.0572429895401001,18,6,2,,0.08761682361364365,,tal,75.0,lin,,,,,,,,,Unspecified,Unspecified,10.681429,9.390401
"Cuando se trata de nuestro equipo entendemos que cuidar la mente también es parte del alto desempeño. Y no solo lo decimos o lo publicamos, lo hacemos.

Gracias hoy al equipo de People Operations, que impulsa espacios dentro de la oficina para reflexionar, aprender y reconectar con lo que nos mueve. 

En este Día Mundial de la Salud Mental tuvimos la guía del psicoterapeuta Juan Carlos Portas Vázquez, experto en Terapia Cognitivo-Conductual y en enfoques basados en evidencia como ACT y DBT, quien nos ayudó a entender en una sesión de 45 minutos el cómo relacionarnos mejor con nuestros pensamientos.

Seguiremos promoviendo este tipo de actividades que nos recuerdan que cuidarnos también es crecer.",https://www.linkedin.com/feed/update/urn:li:activity:7382490564136677376,Orgánico,,Andrea Palacios Ilizaliturri,2025-10-10,,,Todos los seguidores,221,,,9.0,0.04072398319840431,3,0,0,,0.05429864302277565,,tal,12.0,lin,,,,,,,,,Unspecified,Unspecified,9.94551,8.917769
"Siempre hemos sido creyentes que crecer también es aprender a comunicar lo que sabes y hacerlo con confianza (sobre todo en un segundo idioma).

Por eso, María Fernanda Hernández Díaz y Marcela García Vera de nuestro equipo de reclutamiento estarán impartiendo un curso online, gratuito y en vivo este Sábado 11 de Octubre. Diseñado para que desarrolles las herramientas y el vocabulario que te ayudarán a sentirte seguro en tu próxima entrevista en inglés. 

 Regístrate aquí mismo👇:
https://lnkd.in/g_gWDfdH",https://www.linkedin.com/feed/update/urn:li:activity:7381739612370628608,Orgánico,,Andrea Palacios Ilizaliturri,2025-10-08,,,Todos los seguidores,856,,,40.0,0.04672897234559059,9,2,8,,0.06892523169517517,,tal,59.0,lin,,,,,,,,,Unspecified,Unspecified,10.015932,8.95104
"🎉 El pasado 3 de octubre cumplimos 6 años.

Seis años de hacer crecer equipos, carreras y experiencias. Con calidad, velocidad y sin perder el toque humano.

Wexpand nació con una idea clara: que el talento mexicano puede competir globalmente cuando se le da el entorno correcto para hacerlo.
HOY  somos una comunidad 100% bilingüe, colaborativa y enfocada en el alto desempeño.

Gracias a todas las personas que han sido parte de este camino: nuestros colaboradores, aliados y candidatos que confían en nosotros para dar su siguiente paso.

 Porque crecer no es solo escalar, es multiplicar impacto humano.

#Wexpand #WexpandTalent #PeopleFirst #TeamCulture",https://www.linkedin.com/feed/update/urn:li:activity:7381096725744185344,Orgánico,,Andrea Palacios Ilizaliturri,2025-10-06,,,Todos los seguidores,941,,,128.0,0.13602550327777863,22,8,5,,0.1732199788093567,,tal,163.0,lin,,,,,,,,,Unspecified,Unspecified,10.072281,8.862896
"Hoy queremos compartir esta reflexión de Maricela Hamdan,  nuestra líder de Reclutamiento. Todos los día Marita (así le decimos nosotros con cariño) nos recuerda que el liderazgo no se trata de perfección, sino de humanidad.

Desde escuchar con empatía hasta sostener a su equipo en los momentos más retadores con su ejemplo, eso es también liderar. 💪

Nos sentimos orgullosos de contar con líderes como ella: comprometidos, conscientes, y sobre todo humanos.",https://www.linkedin.com/feed/update/urn:li:activity:7381090507860475904,Orgánico,,Andrea Palacios Ilizaliturri,2025-10-06,,,Todos los seguidores,351,,,14.0,0.03988603875041008,3,2,1,,0.056980058550834656,,tal,20.0,lin,,,,,,,,,Unspecified,Unspecified,9.636341,9.341583
"🇲🇽 Este 16 de septiembre además de celebrar la Independencia de nuestro país,  también lo aprovechamos para hacer una pausa, convivir y conectar como equipo.

Este año queremos agradecer a Valeria Cerrillo  y a Paulina Pérez Rulfo que desde días antes organizaron todo con el corazón en la mano: decoración, juegos, comida típica y  esos detalles que hacen que el ambiente se sienta especial. 

Gracias a ambas por pensar en todos nosotros y por armar una celebración que, más allá del festejo, nos recordó lo increible que es trabajar juntos 🙌.

#16DeSeptiembre #InsideWexpand #BPO",https://www.linkedin.com/feed/update/urn:li:activity:7374517260943757312,Orgánico,,Andrea Palacios Ilizaliturri,2025-09-18,,,Todos los seguidores,1297,,,747.0,0.5759444832801819,15,4,7,,0.595990777015686,,tal,773.0,lin,,,,,,,,,Unspecified,Unspecified,9.980505,9.047849
"¡Arrancamos una nueva idea en Wexpand!

Manuel Villa uno de nuestros reclutadores, se lanzó a las calles de Guadalajara con un micrófono y mucha energía para crear el primer episodio de ""La Godiniza"" 🎙️

Un podcast callejero donde las anécdotas y la vida godín se cuentan por y para gente real.  

👉 ¿Qué es lo más divertido que te ha pasado en tu vida godín?

#LaGodiniza #Wexpand #PeopleFirst #PrimerEpisodio #Guadalajara",https://www.linkedin.com/feed/update/urn:li:activity:7369087212207992832,Orgánico,,Andrea Palacios Ilizaliturri,2025-09-03,,,Todos los seguidores,228,,,11.0,0.048245612531900406,7,1,0,,0.0833333358168602,,tal,19.0,lin,,,,,,,,,Unspecified,Unspecified,10.056929,9.297316
"@spaceandtech_ Impressive milestone! How far do you think we are from fully autonomous high-altitude welding, and what do you see as the main missing pieces, perception reliability, planning, or safety validation, before this becomes viable without human teleoperation?",https://x.com/nurvai_ai/status/2041149790138818956,,,,2026-04-06,,,,6,,,,,0,0,0,0.0,0.0,,nvai,0.0,x,2.041149790138819e+18,0.0,0.0,0.0,0.0,0.0,0.0,0.0,Reply,ExtAmp,15.846528,8.647294
"@SciTechera Interesting tension. Do you think the bigger bottleneck becomes capability, or trust and reliability in edge-case scenarios? If Moravec’s paradox still holds, are we underestimating how hard the “simple” hospital tasks actually are?",https://x.com/nurvai_ai/status/2041148499345936591,,,,2026-04-06,,,,6,,,,,0,0,0,0.0,0.0,,nvai,0.0,x,2.0411484993459366e+18,0.0,0.0,0.0,0.0,0.0,0.0,0.0,Reply,ExtAmp,16.259113,11.197194
"@robominyoung Interesting approach. How do you think about risks from LLMs like hallucinations or inconsistent grounding? Do you think a simpler NLP method could achieve similar reward disambiguation, or is the flexibility of LLMs essential here?",https://x.com/nurvai_ai/status/2041145761308500161,,,,2026-04-06,,,,8,,,,,0,0,0,0.0,0.0,,nvai,0.0,x,2.0411457613085002e+18,0.0,0.0,0.0,0.0,0.0,0.0,0.0,Reply,ExtAmp,18.89811,12.252073
"@yining_hong This is interesting as a general way to understand learning. Do you see these three levels as something we should explicitly model in AI systems, or more as a conceptual lens for why approaches like self-supervision and world models seem to work so well?",https://x.com/nurvai_ai/status/2041143547617743039,,,,2026-04-06,,,,5,,,,,0,0,0,0.0,0.0,,nvai,0.0,x,2.041143547617743e+18,0.0,0.0,0.0,0.0,0.0,0.0,0.0,Reply,ExtAmp,18.751804,11.711572
"@LifeOfTheDance @SchmidhuberAI Great framing. We see this as a recurring pattern in AI. Ideas exist for years, then scale, data, and engineering turn them into something practical.",https://x.com/nurvai_ai/status/2039761511921471728,,,,2026-04-02,,,,16,,,,,1,0,0,0.0,0.1875,,nvai,3.0,x,2.0397615119214717e+18,0.0,0.0,1.0,1.0,0.0,0.0,0.0,Reply,ExtAmp,18.580803,10.996605
"@lucagrecoita Interesting to see deployment happening before the software is fully solved. That suggests the hardware supply chain may need to scale ahead of capability. If humanoids do reach meaningful production scale, do you think components like die-cast structural parts become a",https://x.com/nurvai_ai/status/2039751829068898649,,,,2026-04-02,,,,140,,,,,0,0,0,0.0,0.007142857142857143,,nvai,1.0,x,2.0397518290688986e+18,1.0,0.0,0.0,1.0,0.0,0.0,0.0,Reply,ExtAmp,16.363344,11.246752
"@part_harry_ Reusing and compacting the KV cache during training is an interesting way to push toward more data-efficient learning, especially if in-context learning is already showing that signal can be reused effectively. Do you see this evolving into a shift where training looks less like",https://x.com/nurvai_ai/status/2039739301135548751,,,,2026-04-02,,,,45,,,,,0,0,0,0.0,0.0,,nvai,0.0,x,2.0397393011355487e+18,0.0,0.0,0.0,0.0,0.0,0.0,0.0,Reply,ExtAmp,17.306297,13.161412
"@askalphaxiv If expert paths become more coherent across layers, does MoE start behaving less like dynamic routing and more like specialized subnetworks that tokens move through?",https://x.com/nurvai_ai/status/2039734713171001854,,,,2026-04-02,,,,46,,,,,0,0,0,0.0,0.0,,nvai,0.0,x,2.0397347131710019e+18,0.0,0.0,0.0,0.0,0.0,0.0,0.0,Reply,ExtAmp,18.45866,12.272286
@MeRTcooking Impressive! Trajectory tracking is a fundamental part of mobile robots. Does it use spline generation? Does it work with any kind of mobile robot?,https://x.com/nurvai_ai/status/2039730643525914882,,,,2026-04-02,,,,25,,,,,0,0,0,0.0,0.04,,nvai,1.0,x,2.039730643525915e+18,0.0,0.0,1.0,0.0,0.0,0.0,0.0,Reply,ExtAmp,16.582396,9.668103
@Suryanshti777 Interesting. How is information loss mitigated in large-dimensions problems?,https://x.com/nurvai_ai/status/2039730633425994180,,,,2026-04-02,,,,897,,,,,0,0,0,0.0,0.0,,nvai,0.0,x,2.0397306334259942e+18,1.0,0.0,0.0,0.0,0.0,0.0,0.0,Reply,ExtAmp,16.652311,12.864248
"@letian_fu Interesting to see coding agents evaluated through executable robot behavior instead of just code quality. Does this start shifting robotics progress toward better software abstractions, rather than only better models or hardware?",https://x.com/nurvai_ai/status/2039725439367717297,,,,2026-04-02,,,,175,,,,,0,0,1,1.0,0.02857142857142857,,nvai,5.0,x,2.0397254393677174e+18,0.0,0.0,2.0,1.0,0.0,0.0,0.0,Reply,ExtAmp,16.31598,10.734921
"This also has implications for data pipelines. If policies can maintain context across time, they can learn from shorter demonstrations, partial trajectories, and fragmented skills. This reduces the need for long, expensive teleoperation sessions and makes large-scale data",https://x.com/nurvai_ai/status/2039407288478253083,,,,2026-04-01,,,,26,,,,,1,0,0,0.0,0.038461538461538464,,nvai,1.0,x,2.039407288478253e+18,0.0,0.0,0.0,0.0,0.0,0.0,0.0,Unspecified,ExtAmp,16.424013,8.862419
"With improved temporal reasoning, robots can better chain together individual skills into multi-step behaviors. This shifts the focus from learning isolated actions to executing structured, real-world tasks where consistency across time matters most.",https://x.com/nurvai_ai/status/2039407287408693755,,,,2026-04-01,,,,28,,,,,1,1,0,0.0,0.07142857142857142,,nvai,2.0,x,2.0394072874086938e+18,0.0,0.0,0.0,0.0,0.0,0.0,0.0,Unspecified,ExtAmp,19.475805,11.959043
"To address this, SeedPolicy introduces a self-evolving memory that compresses past observations into a compact latent state. This allows the robot to maintain task context while filtering irrelevant information, enabling more stable long-horizon reasoning without dramatically",https://x.com/nurvai_ai/status/2039407286599184405,,,,2026-04-01,,,,7,,,,,1,1,0,0.0,0.2857142857142857,,nvai,2.0,x,2.0394072865991844e+18,0.0,0.0,0.0,0.0,0.0,0.0,0.0,Unspecified,ExtAmp,19.558294,11.698302
"Simply increasing the observation window isn't an effective solution. Longer context quickly becomes computationally expensive and harder to learn from. Instead, the paper argues that what robots need is not more history, but better ways to summarize and retain the most relevant",https://x.com/nurvai_ai/status/2039407285668024725,,,,2026-04-01,,,,5,,,,,1,1,0,0.0,0.4,,nvai,2.0,x,2.0394072856680248e+18,0.0,0.0,0.0,0.0,0.0,0.0,0.0,Unspecified,ExtAmp,19.455694,11.552529
"Diffusion policies work well for short-horizon manipulation but struggle with long-horizon tasks. As the number of steps increases, robots lose track of task progress, errors accumulate, and performance drops. This highlights a key bottleneck in robotics: executing long sequences",https://x.com/nurvai_ai/status/2039407284632093052,,,,2026-04-01,,,,17,,,,,1,1,0,0.0,0.11764705882352941,,nvai,2.0,x,2.039407284632093e+18,0.0,0.0,0.0,0.0,0.0,0.0,0.0,Unspecified,ExtAmp,19.803638,11.663274
"TL; DR Diffusion policies struggle with long-horizon tasks because they lack memory across time. SeedPolicy introduces a self-evolving memory that helps robots maintain context across multi-step behaviors, improving long-horizon manipulation and enabling learning from shorter,",https://x.com/nurvai_ai/status/2039407283675787544,,,,2026-04-01,,,,10,,,,,1,1,0,0.0,0.2,,nvai,2.0,x,2.0394072836757875e+18,0.0,0.0,0.0,0.0,0.0,0.0,0.0,Unspecified,ExtAmp,19.826857,11.753765
For this week's #NurvaiPaperOfTheWeek we read SeedPolicy: Horizon Scaling via Self-Evolving Diffusion Policy for Robot Manipulation Here's what we've learnt from it 👇️ 🧵 https://t.co/wC2Jbm8WQx,https://x.com/nurvai_ai/status/2039407282044203219,,,,2026-04-01,,,,54,,,,,2,1,1,0.0,0.1111111111111111,,nvai,6.0,x,2.0394072820442033e+18,0.0,0.0,0.0,2.0,0.0,0.0,0.0,POTW,ExtAmp,19.84958,11.623548
"@RobotnikRobots Mobile robots have a wide range of applications, and implementing manipulators in them expands their operational range. Do they use kinematic control, or are dynamics also explored in the simulations?",https://x.com/nurvai_ai/status/2039383799637713109,,,,2026-04-01,,,,20,,,,,0,0,0,0.0,0.0,,nvai,0.0,x,2.0393837996377132e+18,0.0,0.0,0.0,0.0,0.0,0.0,0.0,Reply,ExtAmp,16.799881,9.595312
"@HumanoidRTech @Tesollo_Inc Very interesting! Using an end-effector with a humanoid approach allows for a wider manipulation range, and with sufficient DoF, more complex tasks can be supported. Are you using haptic sensors?",https://x.com/nurvai_ai/status/2039383758692831513,,,,2026-04-01,,,,17,,,,,0,0,0,0.0,0.0,,nvai,0.0,x,2.0393837586928315e+18,0.0,0.0,0.0,0.0,0.0,0.0,0.0,Reply,ExtAmp,17.943665,9.141681
"@wuji_global Small-object manipulation feels like a better proxy for general capability than lifting demos. Do you see progress here coming more from better hardware, or from learning-based control catching up to the precision humans take for granted?",https://x.com/nurvai_ai/status/2039383708889727346,,,,2026-04-01,,,,50,,,,,0,2,0,0.0,0.08,,nvai,4.0,x,2.0393837088897272e+18,0.0,0.0,0.0,2.0,0.0,0.0,0.0,Reply,ExtAmp,18.216906,9.010084
"@NinaDSchick As compute becomes physical infrastructure, does location start becoming a lasting strategic advantage, or will model and algorithm improvements matter more than where the clusters are built?",https://x.com/nurvai_ai/status/2039381087097327725,,,,2026-04-01,,,,437,,,,,1,0,0,0.0,0.004576659038901602,,nvai,2.0,x,2.0393810870973276e+18,0.0,0.0,1.0,0.0,0.0,0.0,0.0,Reply,ExtAmp,16.593122,11.757743
"@SchmidhuberAI If JEPA and similar approaches have roots going back decades, how much of progress here is actually new ideas versus finally having the compute and scale to make them work in practice?",https://x.com/nurvai_ai/status/2039378403384603105,,,,2026-04-01,,,,1133,,,,,3,1,0,0.0,0.01412180052956752,,nvai,16.0,x,2.0393784033846031e+18,0.0,0.0,2.0,10.0,0.0,0.0,0.0,Reply,ExtAmp,16.66774,11.988653
"@AlphaSignalAI If OCR starts looking more like inverse rendering, does this push document understanding closer to a vision problem than a language problem?",https://x.com/nurvai_ai/status/2039376325425668193,,,,2026-04-01,,,,21,,,,,0,0,0,0.0,0.0,,nvai,0.0,x,2.039376325425668e+18,0.0,0.0,0.0,0.0,0.0,0.0,0.0,Reply,ExtAmp,17.856703,12.260055
@DramaAlert Nurvais' team without breakfast and coffee,https://x.com/nurvai_ai/status/2039052440809382260,,,,2026-03-31,,,,32,,,,,1,0,0,0.0,0.09375,,nvai,3.0,x,2.0390524408093821e+18,0.0,0.0,1.0,1.0,0.0,0.0,0.0,Reply,ExtAmp,13.370889,9.682906
"@XRoboHub This is a great addition to cleaning robots, the use of manipulators allows them to reach surfaces that are not easily accessible to a conventional cleaning robot. SCARAs are a great choice for this type of approach. Great work!",https://x.com/nurvai_ai/status/2039052355358912855,,,,2026-03-31,,,,14,,,,,1,0,0,0.0,0.07142857142857142,,nvai,1.0,x,2.0390523553589128e+18,0.0,0.0,0.0,0.0,0.0,0.0,0.0,Reply,ExtAmp,16.81337,9.556346
"@WevolverApp Very interesting! Teleoperation is not only a crucial aspect of robot training, but it also opens up many possibilities in fields like remote work. Excited to see more of this paradigm.",https://x.com/nurvai_ai/status/2039052150391611479,,,,2026-03-31,,,,75,,,,,1,0,0,0.0,0.013333333333333334,,nvai,1.0,x,2.0390521503916114e+18,0.0,0.0,0.0,0.0,0.0,0.0,0.0,Reply,ExtAmp,16.001257,8.781381
"This week as our #NurvaiResearcherOfTheWeek we'd like to highlight @HaoL1R and the team behind UMI-Underwater Really interesting approach to land-to-water generalization. The system uses a single on-land goal image, then autonomously finds and grasps the same object underwater.",https://x.com/nurvai_ai/status/2039029032583381089,,,,2026-03-31,,,,66,,,,,0,0,0,0.0,0.030303030303030304,,nvai,2.0,x,2.039029032583381e+18,0.0,0.0,2.0,0.0,0.0,0.0,0.0,ROTW,ExtAmp,18.500652,10.681164
"@jiqizhixin Cost-effective evaluation and improvement is clearly valuable, but transfer is the real test. How well do policies trained in imagined rollouts hold up when perception is noisy, contacts are messy, and the environment isn’t structured?",https://x.com/nurvai_ai/status/2039025480154652836,,,,2026-03-31,,,,89,,,,,1,0,0,0.0,0.0449438202247191,,nvai,4.0,x,2.039025480154653e+18,0.0,0.0,2.0,1.0,0.0,0.0,0.0,Reply,ExtAmp,17.665485,12.636595
"@janz1zka Models keep getting built to try to bridge the data moat. Every few months we see approaches that claim to need less data. Coordinated efforts like this change that dynamic. If data becomes broadly available, the incentive shifts away from data-efficient tricks and toward",https://x.com/nurvai_ai/status/2039025452849696876,,,,2026-03-31,,,,47,,,,,0,0,0,0.0,0.0,,nvai,0.0,x,2.0390254528496968e+18,0.0,0.0,0.0,0.0,0.0,0.0,0.0,Reply,ExtAmp,16.483723,12.703522
"@NVIDIARobotics Scaling sim infrastructure makes it easier to keep improving models, but the sim-to-real gap still decides how much of that progress transfers. How are teams thinking about mixing real-world and simulated data to help bridge that gap?",https://x.com/nurvai_ai/status/2039025205415166187,,,,2026-03-31,,,,172,,,,,0,0,0,0.0,0.005813953488372093,,nvai,1.0,x,2.0390252054151662e+18,0.0,0.0,1.0,0.0,0.0,0.0,0.0,Reply,ExtAmp,16.482054,12.129445
"@WevolverApp Variations over the usual design for end effectors are cool, however, the world in which robots will live is designed for the human form factor. What tasks would this kind of end effector be better suited for than a more human-like hand?",https://x.com/nurvai_ai/status/2039005700341289424,,,,2026-03-31,,,,15,,,,,0,0,0,0.0,0.0,,nvai,0.0,x,2.0390057003412895e+18,0.0,0.0,0.0,0.0,0.0,0.0,0.0,Reply,ExtAmp,18.085983,9.260436
@Siemens Impressive! This type of feedback is a great way to solve one of the biggest problems with robotic manipulators: object deformation. What kind of sensors does it use?,https://x.com/nurvai_ai/status/2038669186491089127,,,,2026-03-30,,,,16,,,,,0,0,0,0.0,0.0,,nvai,0.0,x,2.0386691864910892e+18,0.0,0.0,0.0,0.0,0.0,0.0,0.0,Reply,ExtAmp,17.656565,8.840692
@IlirAliu_ External disturbances are one of the main causes of failure when a robot operates in the real world; proposing a more robust dynamics approach is a significant step forward. Great work!,https://x.com/nurvai_ai/status/2038669132040687823,,,,2026-03-30,,,,51,,,,,0,0,0,0.0,0.0,,nvai,0.0,x,2.0386691320406879e+18,0.0,0.0,0.0,0.0,0.0,0.0,0.0,Reply,ExtAmp,17.2184,9.378324
@XRoboHub This is the part that often gets overlooked. Building robots is hard. Scaling manufacturing is even harder. Production lines like this are what turn robotics progress into real-world adoption.,https://x.com/nurvai_ai/status/2038636612037345638,,,,2026-03-30,,,,39,,,,,0,0,0,0.0,0.0,,nvai,0.0,x,2.0386366120373455e+18,0.0,0.0,0.0,0.0,0.0,0.0,0.0,Reply,ExtAmp,16.568085,10.909164
@HaoL1R This is a really interesting direction. Underwater manipulation is especially hard due to perception shifts and limited data. Using UMI-style data collection with zero-shot transfer feels like a very pragmatic way to scale robotics to harder environments.,https://x.com/nurvai_ai/status/2038635198514884655,,,,2026-03-30,,,,43,,,,,1,0,0,0.0,0.046511627906976744,,nvai,2.0,x,2.0386351985148846e+18,0.0,0.0,0.0,1.0,0.0,0.0,0.0,Reply,ExtAmp,18.158293,10.341432
"@alysha_lobo This is a great example of Moravec's Paradox in action. It really highlights how much of robotics progress now depends on better data, sensing, and real-world experience.",https://x.com/nurvai_ai/status/2038634325290176956,,,,2026-03-30,,,,42,,,,,0,0,0,0.0,0.023809523809523808,,nvai,1.0,x,2.038634325290177e+18,0.0,0.0,1.0,0.0,0.0,0.0,0.0,Reply,ExtAmp,17.42673,10.637124
@robotsdigest Not committing too early is a powerful idea. Many robotic failures come from small early errors that cascade. Iterative action refinement feels like a natural step toward more robust long-horizon manipulation.,https://x.com/nurvai_ai/status/2038633778956964153,,,,2026-03-30,,,,29,,,,,0,0,0,0.0,0.0,,nvai,0.0,x,2.038633778956964e+18,0.0,0.0,0.0,0.0,0.0,0.0,0.0,Reply,ExtAmp,19.704103,11.510917
"@TypeOneFuture @KIRI_Engine_App Yup, what’s exciting now is we’re moving from passive perception to actionable: systems don’t just “see” anymore, they can reason about space, distance, and interaction in real time.",https://x.com/nurvai_ai/status/2037658011305496742,,,,2026-03-27,,,,12,,,,,0,0,0,0.0,0.0,,nvai,0.0,x,2.0376580113054968e+18,0.0,0.0,0.0,0.0,0.0,0.0,0.0,Reply,ExtAmp,17.805092,10.519988
@KIRI_Engine_App Impressive! Depth in space is a key factor when bringing robotics to the real world; this can be a significant contribution to the industry. Glad to see tools like this.,https://x.com/nurvai_ai/status/2037604257109557535,,,,2026-03-27,,,,158,,,,,0,2,0,0.0,0.06329113924050633,,nvai,10.0,x,2.0376042571095575e+18,0.0,0.0,0.0,8.0,0.0,0.0,0.0,Reply,ExtAmp,16.813482,10.484087
"@Ronald_vanLoon @nvidiaomniverse Omni-movement in humanoids is a great implementation, as it not only inspires but also improves the mechanics of movement and optimizes industrial processes. This is a step in the right direction.",https://x.com/nurvai_ai/status/2037604219608236268,,,,2026-03-27,,,,20,,,,,0,0,0,0.0,0.0,,nvai,0.0,x,2.0376042196082363e+18,0.0,0.0,0.0,0.0,0.0,0.0,0.0,Reply,ExtAmp,17.927904,9.400164
@SkildAI Interesting to see robustness emerging from large-scale training. Handling disturbances is critical for long-horizon manipulation and real-world deployment. Systems that can adapt on the fly are much closer to practical automation.,https://x.com/nurvai_ai/status/2037525434691211423,,,,2026-03-27,,,,305,,,,,0,0,0,0.0,0.0,,nvai,0.0,x,2.0375254346912115e+18,0.0,0.0,0.0,0.0,0.0,0.0,0.0,Reply,ExtAmp,17.38898,8.883828
@humanoidsdaily This really puts into perspective how much development there has been in the field of robotics. It's important to remember how we started to appreciate how far we've come.,https://x.com/nurvai_ai/status/2037524185786786165,,,,2026-03-27,,,,54,,,,,1,0,0,0.0,0.018518518518518517,,nvai,1.0,x,2.037524185786786e+18,0.0,0.0,0.0,0.0,0.0,0.0,0.0,Reply,ExtAmp,16.816698,10.5799465
@s_wistreich Making tactile sensing conformable and easier to deploy across different robot morphologies is huge. Hardware accessibility has been one of the biggest barriers to scaling contact-rich manipulation. Open-sourcing designs like this could really help accelerate data collection and,https://x.com/nurvai_ai/status/2037523155997122674,,,,2026-03-27,,,,126,,,,,1,0,0,0.0,0.015873015873015872,,nvai,2.0,x,2.0375231559971226e+18,0.0,0.0,1.0,0.0,0.0,0.0,0.0,Reply,ExtAmp,17.999584,8.734269
"@IlirAliu_ Great point. Teleoperation really exposes how sensitive robotics is to latency and jitter. What works for human communication does not necessarily translate to precise control. It is easy to focus on models, but networking, infrastructure, and system design often end up being",https://x.com/nurvai_ai/status/2037520409764024488,,,,2026-03-27,,,,320,,,,,0,0,0,0.0,0.0125,,nvai,4.0,x,2.0375204097640246e+18,0.0,0.0,2.0,2.0,0.0,0.0,0.0,Reply,ExtAmp,16.00452,8.791576
"@Hojung_Choi_ That's great! Using torque/force sensors will prevent deformation of the objects being handled, and will also allow for safe and cooperative work with humans. This kind of implementation is a step in the right direction!",https://x.com/nurvai_ai/status/2037208735907447067,,,,2026-03-26,,,,11,,,,,0,0,0,0.0,0.0,,nvai,0.0,x,2.037208735907447e+18,0.0,0.0,0.0,0.0,0.0,0.0,0.0,Reply,ExtAmp,17.711678,8.792237
@Ronald_vanLoon @TXInstruments Tha's a good bot. Can it play dead?,https://x.com/nurvai_ai/status/2037205665630867629,,,,2026-03-26,,,,10,,,,,0,0,0,0.0,0.0,,nvai,0.0,x,2.0372056656308677e+18,0.0,0.0,0.0,0.0,0.0,0.0,0.0,Reply,ExtAmp,13.872652,9.898821
This week's #NurvaiPaperOfTheWeek got us thinking: What is the main bottleneck for dexterous robot manipulation? What are your thoughts?,https://x.com/nurvai_ai/status/2037180533914906777,,,,2026-03-26,,,,110,,,,,2,0,0,0.0,0.06363636363636363,,nvai,7.0,x,2.037180533914907e+18,0.0,0.0,0.0,4.0,0.0,0.0,0.0,POTW,ExtAmp,18.946714,9.250783
@binghao_huang Making this cheap and easy to build is huge. Access to tactile sensing has been a major bottleneck for many manipulation tasks. Lowering the barrier here is a big step toward better data collection and more reliable complex object manipulation.,https://x.com/nurvai_ai/status/2037163426380701834,,,,2026-03-26,,,,98,,,,,1,0,0,0.0,0.02040816326530612,,nvai,2.0,x,2.037163426380702e+18,0.0,0.0,1.0,0.0,0.0,0.0,0.0,Reply,ExtAmp,17.964193,8.705745
@fogoros Interesting direction. Connecting engineering specs directly to robot behavior could help close the gap between deployment and debugging. Moving from reactive fixes to informed corrections based on system constraints feels like an important step for reliable automation.,https://x.com/nurvai_ai/status/2037161095442387176,,,,2026-03-26,,,,11,,,,,0,0,0,0.0,0.0,,nvai,0.0,x,2.0371610954423872e+18,0.0,0.0,0.0,0.0,0.0,0.0,0.0,Reply,ExtAmp,15.886746,10.894552
@junli_r84995 Running this outdoors is honestly the most impressive part. Doing this with fully onboard perception and no external cameras or MoCap is a big step toward more adaptable robots that can operate outside controlled environments.,https://x.com/nurvai_ai/status/2037159346912604393,,,,2026-03-26,,,,662,,,,,2,0,0,0.0,0.006042296072507553,,nvai,4.0,x,2.0371593469126044e+18,0.0,0.0,1.0,1.0,0.0,0.0,0.0,Reply,ExtAmp,15.826154,10.134217
"@Ronald_vanLoon @WevolverApp Changing the design of grippers is a great practice. Using this type of soft gripper could prevent damage to the material during handling, as well as save on pressure sensors. It's good to see these kinds of proposals.",https://x.com/nurvai_ai/status/2036866707625521509,,,,2026-03-25,,,,14,,,,,0,0,0,0.0,0.07142857142857142,,nvai,1.0,x,2.0368667076255214e+18,0.0,0.0,1.0,0.0,0.0,0.0,0.0,Reply,ExtAmp,18.013836,8.614298
@XiaomengXu11 Using a mobile base instead of two legs is a great alternative. This type of base allows for easier mechanical navigation on a flat surface. Did you use omnidirectional wheels for movement?,https://x.com/nurvai_ai/status/2036866657033814419,,,,2026-03-25,,,,220,,,,,0,1,0,0.0,0.01818181818181818,,nvai,4.0,x,2.0368666570338145e+18,0.0,0.0,1.0,2.0,0.0,0.0,0.0,Reply,ExtAmp,17.583385,9.323065
"If general dexterity requires continuous, contact rich interaction, then data collection setups should aim to capture these behaviors. Designing tasks that naturally generate rich dexterous data may be key to scaling robot learning. Read the full paper here:",https://x.com/nurvai_ai/status/2036852248232259873,,,,2026-03-25,,,,56,,,,,0,0,0,0.0,0.0,,nvai,0.0,x,2.0368522482322598e+18,0.0,0.0,0.0,0.0,0.0,0.0,0.0,Unspecified,ExtAmp,18.759521,9.22324
"From a data perspective, drumming naturally generates dense dexterous interaction with repeated contacts, long horizon sequences, and fine motor adjustments. This type of behavior is still underrepresented in most robot datasets, which tend to focus on short horizon pick and",https://x.com/nurvai_ai/status/2036852247221444929,,,,2026-03-25,,,,54,,,,,1,1,0,0.0,0.037037037037037035,,nvai,2.0,x,2.0368522472214449e+18,0.0,0.0,0.0,0.0,0.0,0.0,0.0,Unspecified,ExtAmp,19.314835,8.906597
"The system is trained in simulation and transferred to real hardware, showing up to 1.87x improvement over fixed grasp baselines and successful multi drum sequences. These results are notable given the difficulty of sim to real transfer in contact rich dexterity tasks.",https://x.com/nurvai_ai/status/2036852246369997057,,,,2026-03-25,,,,11,,,,,0,1,0,0.0,0.09090909090909091,,nvai,1.0,x,2.036852246369997e+18,0.0,0.0,0.0,0.0,0.0,0.0,0.0,Unspecified,ExtAmp,19.020947,8.90359
"DexDrummer proposes robot drumming as a unified benchmark for dexterous manipulation. Drumming naturally requires in hand control, repeated contact, precise timing, and coordination across multiple targets. To tackle this, the paper introduces a hierarchical approach that https://t.co/SN8zXhjBbV",https://x.com/nurvai_ai/status/2036852244667109513,,,,2026-03-25,,,,10,,,,,0,1,0,0.0,0.1,,nvai,1.0,x,2.0368522446671096e+18,0.0,0.0,0.0,0.0,0.0,0.0,0.0,Unspecified,ExtAmp,19.297918,8.854736
"A major challenge is that most dexterity benchmarks isolate one difficulty at a time, such as in hand manipulation, contact rich interaction, or long horizon control. Real world tasks combine all three, which makes it difficult to evaluate whether current approaches actually",https://x.com/nurvai_ai/status/2036852243756916841,,,,2026-03-25,,,,10,,,,,0,1,0,0.0,0.1,,nvai,1.0,x,2.0368522437569167e+18,0.0,0.0,0.0,0.0,0.0,0.0,0.0,Unspecified,ExtAmp,18.889286,9.159601
"Dexterous manipulation is key to making robots useful in real world environments. Tasks like assembly, tool use, cooking, and household assistance all require precise, continuous interaction with objects. While robots have improved in structured pick and place settings, achieving",https://x.com/nurvai_ai/status/2036852242888720879,,,,2026-03-25,,,,8,,,,,0,1,0,0.0,0.125,,nvai,1.0,x,2.036852242888721e+18,0.0,0.0,0.0,0.0,0.0,0.0,0.0,Unspecified,ExtAmp,18.569311,9.271583
"TL; DR Most dexterity benchmarks isolate one difficulty at a time: in-hand manipulation, contact-rich interaction, or long-horizon control. DexDrummer proposes robot drumming as a unified benchmark that requires all three simultaneously and introduces a hierarchical approach",https://x.com/nurvai_ai/status/2036852242028920867,,,,2026-03-25,,,,12,,,,,0,1,0,0.0,0.08333333333333333,,nvai,1.0,x,2.0368522420289208e+18,0.0,0.0,0.0,0.0,0.0,0.0,0.0,Unspecified,ExtAmp,19.22555,8.870878
"For this week's #NurvaiPaperOfTheWeek we read DexDrummer: In-Hand, Contact-Rich, and Long-Horizon Dexterous Robot Drumming Here's what we've learnt from it 👇️ 🧵 https://t.co/bXX3yoZ8cr",https://x.com/nurvai_ai/status/2036852240737075704,,,,2026-03-25,,,,73,,,,,6,1,0,0.0,0.1643835616438356,,nvai,12.0,x,2.0368522407370757e+18,0.0,0.0,0.0,5.0,0.0,0.0,0.0,POTW,ExtAmp,19.375858,8.803475
"@hungchiehfang @amberxie_ @jenngrannen @DorsaSadigh Very cool benchmark. Drumming pushes dexterity, timing, and contact handling all at once. The hierarchical policy with low-level residual corrections seems particularly well suited for these fast, contact-rich interactions. Excited to see this extended to more complex",https://x.com/nurvai_ai/status/2036802629238497768,,,,2026-03-25,,,,38,,,,,1,0,0,0.0,0.13157894736842105,,nvai,5.0,x,2.0368026292384978e+18,0.0,0.0,3.0,1.0,0.0,0.0,0.0,Reply,ExtAmp,19.448399,8.956221
@VectorWang2 Very interesting. Using real-time real2sim as a world model feels like a promising alternative to handcrafted simulation. The key question is how well these models handle contact dynamics and rare failure cases.,https://x.com/nurvai_ai/status/2036799575495745720,,,,2026-03-25,,,,59,,,,,1,0,0,0.0,0.06779661016949153,,nvai,4.0,x,2.0367995754957458e+18,0.0,0.0,2.0,1.0,0.0,0.0,0.0,Reply,ExtAmp,17.223484,10.132341
"@natashamalpani Completely agree. In practice, collecting robot data involves dealing with hardware failures, unstable deployments, operator variability, and changing environments. Scaling robotics data is as much about operations as it is about AI.",https://x.com/nurvai_ai/status/2036798380798550082,,,,2026-03-25,,,,153,,,,,1,1,0,1.0,0.026143790849673203,,nvai,4.0,x,2.03679838079855e+18,0.0,0.0,1.0,0.0,0.0,0.0,0.0,Reply,ExtAmp,17.052172,11.307137
@juanbuis What do robots “eat”? The answer is data.,https://x.com/nurvai_ai/status/2036502210100502985,,,,2026-03-24,,,,14,,,,,1,0,0,0.0,0.07142857142857142,,nvai,1.0,x,2.036502210100503e+18,0.0,0.0,0.0,0.0,0.0,0.0,0.0,Reply,ExtAmp,17.193764,10.817193
"@Neuracore_AI Impressive work. Enabling robots to better understand real-world physics is a major step forward. Advancements in dynamic control like this are key as systems become more capable. As progress continues, access to diverse, high-quality data becomes increasingly important. Always",https://x.com/nurvai_ai/status/2036501897046270430,,,,2026-03-24,,,,21,,,,,0,0,0,0.0,0.09523809523809523,,nvai,2.0,x,2.0365018970462705e+18,0.0,0.0,0.0,2.0,0.0,0.0,0.0,Reply,ExtAmp,17.067612,9.979972
"This week as our #NurvaiResearcherOfTheWeek we'd like to highlight @liuziwei7 and the team behind #MoTok Really interesting approach to separating high-level intent from low-level control. Tokens handle planning, while diffusion models handle execution, leading to more",https://x.com/nurvai_ai/status/2036460320613351801,,,,2026-03-24,,,,2527,,,,,22,1,3,1.0,0.030470914127423823,,nvai,77.0,x,2.0364603206133517e+18,13.0,0.0,13.0,36.0,0.0,1.0,0.0,ROTW,ExtAmp,19.048645,12.157177
"@mikekalilmfg Nice work. Tasks like pipetting and tube handling are deceptively hard. Small errors compound quickly. Curious how robust this is across variability in samples, tools, and lab conditions.",https://x.com/nurvai_ai/status/2036437234174267447,,,,2026-03-24,,,,29,,,,,1,0,0,0.0,0.06896551724137931,,nvai,2.0,x,2.0364372341742674e+18,0.0,0.0,0.0,1.0,0.0,0.0,0.0,Reply,ExtAmp,15.415569,11.061945
"@XRoboHub Interesting deployment. Logistics is one of the few environments where autonomy can actually scale quickly if reliability is there. Moving from rigid automation to adaptive systems is a big shift, but consistency under real warehouse variability will be the real test.",https://x.com/nurvai_ai/status/2036436075652985168,,,,2026-03-24,,,,37,,,,,0,0,0,1.0,0.05405405405405406,,nvai,2.0,x,2.036436075652985e+18,0.0,0.0,1.0,0.0,0.0,0.0,0.0,Reply,ExtAmp,15.747019,10.729266
@rsasaki0109 Very cool. Deformables are a different level of difficulty. Good to see more tooling around this.,https://x.com/nurvai_ai/status/2036433647499153524,,,,2026-03-24,,,,52,,,,,0,0,0,0.0,0.0,,nvai,0.0,x,2.0364336474991534e+18,0.0,0.0,0.0,0.0,0.0,0.0,0.0,Reply,ExtAmp,17.76005,8.943303
@ZakharovSergeyN Nice. Reliable localization in complex environments is still harder than it looks. Open-sourcing cuVSLAM should help push more real-world deployments.,https://x.com/nurvai_ai/status/2036432884609732720,,,,2026-03-24,,,,242,,,,,0,0,0,0.0,0.008264462809917356,,nvai,2.0,x,2.0364328846097326e+18,0.0,0.0,2.0,0.0,0.0,0.0,0.0,Reply,ExtAmp,15.913788,11.281702
"@TheHumanoidHub Interesting deployment. Human-robot collaboration like this feels like the right path for real-world adoption. These environments are messy and unpredictable, so that real-world feedback loop will be key.",https://x.com/nurvai_ai/status/2036076063206342860,,,,2026-03-23,,,,43,,,,,0,0,0,0.0,0.0,,nvai,0.0,x,2.036076063206343e+18,0.0,0.0,0.0,0.0,0.0,0.0,0.0,Reply,ExtAmp,15.442006,10.01578
@ruthwikdasyam @dimensionalos Interesting setup. Natural teleop loops are key for collecting high-quality interaction data. Scaling this across robots could be really valuable.,https://x.com/nurvai_ai/status/2036073157669408864,,,,2026-03-23,,,,52,,,,,1,0,0,0.0,0.019230769230769232,,nvai,1.0,x,2.0360731576694088e+18,0.0,0.0,0.0,0.0,0.0,0.0,0.0,Reply,ExtAmp,15.991255,9.30483
"@OopsGuess Agreed. Vision gets most of the attention, but contact is where real-world performance is decided. Without good tactile feedback, a lot of these systems fall apart.",https://x.com/nurvai_ai/status/2036071924451672326,,,,2026-03-23,,,,45,,,,,1,0,0,0.0,0.022222222222222223,,nvai,1.0,x,2.0360719244516723e+18,0.0,0.0,0.0,0.0,0.0,0.0,0.0,Reply,ExtAmp,17.861023,10.063788
@liuziwei7 Nice work. Treating motion as a tokenizable latent space while retaining continuous dynamics is a really interesting design choice. Bridging semantic conditions with executable trajectories has been a missing piece in a lot of pipelines.,https://x.com/nurvai_ai/status/2036071163328127438,,,,2026-03-23,,,,91,,,,,1,0,0,0.0,0.02197802197802198,,nvai,2.0,x,2.0360711633281275e+18,0.0,0.0,0.0,1.0,0.0,0.0,0.0,Reply,ExtAmp,19.293377,11.690109
@allen_ai Really solid work. Evaluation fragmentation has been a real issue in VLA research.Standardizing interfaces and making results reproducible across benchmarks is a big step forward.,https://x.com/nurvai_ai/status/2034985179681325263,,,,2026-03-20,,,,58,,,,,0,0,0,0.0,0.017241379310344827,,nvai,1.0,x,2.0349851796813253e+18,1.0,0.0,1.0,0.0,0.0,0.0,0.0,Reply,ExtAmp,17.254192,12.80231
@op45_indian @rai_inst Interesting result. Fixing the noise instead of resampling every step is a surprisingly simple change for that kind of gain. Curious what this says about how much of the policy performance is tied to specific latent trajectories.,https://x.com/nurvai_ai/status/2034982498153660854,,,,2026-03-20,,,,157,,,,,1,0,0,0.0,0.025477707006369428,,nvai,4.0,x,2.034982498153661e+18,0.0,0.0,2.0,1.0,0.0,0.0,0.0,Reply,ExtAmp,17.573246,12.945178
@physical_int Interesting approach. Using RL to refine only the most sensitive stages makes a lot of sense from a data efficiency standpoint. Targeting those failure-prone steps is probably where the biggest gains are.,https://x.com/nurvai_ai/status/2034981871210070458,,,,2026-03-20,,,,1133,,,,,3,0,0,0.0,0.00794351279788173,,nvai,9.0,x,2.0349818712100705e+18,1.0,0.0,4.0,2.0,0.0,0.0,0.0,Reply,ExtAmp,17.099117,13.000274
@MengmiZhang We surely will!,https://x.com/nurvai_ai/status/2034710556582564341,,,,2026-03-19,,,,3,,,,,0,0,0,0.0,0.0,,nvai,0.0,x,2.0347105565825644e+18,0.0,0.0,0.0,0.0,0.0,0.0,0.0,Reply,ExtAmp,13.327524,9.766783
This week's #NurvaiPaperOfTheWeek got us thinking: What is the main bottleneck to scaling humanoid robotics? What do you think?,https://x.com/nurvai_ai/status/2034636343133835407,,,,2026-03-19,,,,123,,,,,2,0,0,0.0,0.056910569105691054,,nvai,7.0,x,2.0346363431338355e+18,0.0,0.0,0.0,4.0,0.0,0.0,0.0,POTW,ExtAmp,16.623331,11.343414
@WevolverApp Interesting work. Dual-arm coordination with compliance is where things start to look much closer to real-world handling. The challenge is making this level of adaptability hold across different objects and environments.,https://x.com/nurvai_ai/status/2034628764760514761,,,,2026-03-19,,,,14,,,,,0,0,0,0.0,0.0,,nvai,0.0,x,2.0346287647605148e+18,0.0,0.0,0.0,0.0,0.0,0.0,0.0,Reply,ExtAmp,16.90219,8.574641
"@liuziwei7 Interesting direction. Unifying understanding, generation, and prediction in a single world model makes sense conceptually. Curious how well it holds up in longer, less structured real-world sequences.",https://x.com/nurvai_ai/status/2034628262857462218,,,,2026-03-19,,,,31,,,,,0,0,0,0.0,0.06451612903225806,,nvai,2.0,x,2.0346282628574623e+18,0.0,0.0,1.0,1.0,0.0,0.0,0.0,Reply,ExtAmp,18.30403,11.640613
"@TechBuzzChina Interesting data points. The cost and payback improvements are definitely moving in the right direction. The real question is whether reliability in less structured environments can catch up, 8–12% fault rates are still a big gap compared to traditional automation.",https://x.com/nurvai_ai/status/2034626748394971369,,,,2026-03-19,,,,78,,,,,0,0,0,0.0,0.01282051282051282,,nvai,1.0,x,2.0346267483949714e+18,0.0,0.0,1.0,0.0,0.0,0.0,0.0,Reply,ExtAmp,15.821157,10.977456
"@off_jangir Nice work. Evaluation definitely needs to scale alongside capabilities. Curious how much fidelity is retained in the real-to-sim translation, since small mismatches there can heavily impact conclusions.",https://x.com/nurvai_ai/status/2034621342427828438,,,,2026-03-19,,,,118,,,,,1,0,0,0.0,0.00847457627118644,,nvai,1.0,x,2.0346213424278285e+18,0.0,0.0,0.0,0.0,0.0,0.0,0.0,Reply,ExtAmp,16.988222,12.648947
"It’s an interesting contrast to approaches that lean on human data for scaling, and raises a broader question around what the right data abstraction for robotics should be. Read the full paper here: https://t.co/4oeEmWuOKE",https://x.com/nurvai_ai/status/2034330732303114545,,,,2026-03-18,,,,56,,,,,1,0,0,0.0,0.05357142857142857,,nvai,3.0,x,2.0343307323031145e+18,0.0,0.0,0.0,2.0,0.0,0.0,0.0,Unspecified,ExtAmp,17.023165,11.576588
"What stands out is the shift in perspective: instead of scaling data across domains, the paper argues for scaling within the correct embodiment. This suggests that, for humanoids, respecting the underlying physics and constraints may matter more than simply increasing dataset",https://x.com/nurvai_ai/status/2034330731485241821,,,,2026-03-18,,,,60,,,,,1,1,0,0.0,0.03333333333333333,,nvai,2.0,x,2.0343307314852419e+18,0.0,0.0,0.0,0.0,0.0,0.0,0.0,Unspecified,ExtAmp,17.143122,11.846077
"The goal is not just to perform isolated skills, but to build a generalizable control policy that can handle combined tasks and adapt across different scenarios.",https://x.com/nurvai_ai/status/2034330730575085655,,,,2026-03-18,,,,10,,,,,0,1,0,0.0,0.1,,nvai,1.0,x,2.0343307305750856e+18,0.0,0.0,0.0,0.0,0.0,0.0,0.0,Unspecified,ExtAmp,16.930294,8.813745
"The paper introduces Ψ0 (psi zero) , an open foundation model for humanoid loco-manipulation, as a proposed solution to this issue. Rather than relying on large amounts of human data, the approach focuses on learning directly within the robot’s embodiment space, training a",https://x.com/nurvai_ai/status/2034330729715237300,,,,2026-03-18,,,,14,,,,,0,1,0,0.0,0.07142857142857142,,nvai,1.0,x,2.0343307297152374e+18,0.0,0.0,0.0,0.0,0.0,0.0,0.0,Unspecified,ExtAmp,19.169754,10.273774
"This is a real issue because humanoids need to solve loco-manipulation problems (like walking while interacting with objects) and if data scaling doesn't work due to embodiment mismatch you can't ""ImageNet"" your way into solving this issue. And VLA pipelines hit a cieling.",https://x.com/nurvai_ai/status/2034330728800858560,,,,2026-03-18,,,,7,,,,,0,1,0,0.0,0.14285714285714285,,nvai,1.0,x,2.0343307288008586e+18,0.0,0.0,0.0,0.0,0.0,0.0,0.0,Unspecified,ExtAmp,17.241611,12.293123
"Current approaches to robot control try to combine humanoid data and human data in training. However this carries an issue of embodiment mismatch because human motion differs in constraints, kinematics and actuation. This mismatch makes training inefficient.",https://x.com/nurvai_ai/status/2034330727936860393,,,,2026-03-18,,,,13,,,,,0,1,0,0.0,0.07692307692307693,,nvai,1.0,x,2.0343307279368604e+18,0.0,0.0,0.0,0.0,0.0,0.0,0.0,Unspecified,ExtAmp,19.01362,10.310788
"TL; DR Mixing human and humanoid data creates an embodiment mismatch that limits how well robot control can scale. Ψ₀ proposes a different approach: train a foundation model directly in the robot’s embodiment space, learning loco-manipulation as a unified problem. The key idea",https://x.com/nurvai_ai/status/2034330726930260078,,,,2026-03-18,,,,13,,,,,0,1,0,0.0,0.15384615384615385,,nvai,2.0,x,2.03433072693026e+18,0.0,0.0,0.0,1.0,0.0,0.0,0.0,Unspecified,ExtAmp,19.236876,10.350438
For this week's #NurvaiPaperOfTheWeek we read: Ψ0: An Open Foundation Model Towards Universal Humanoid Loco-Manipulation Here's what we've learnt from it 👇️ 🧵 https://t.co/Rh79orSEBP,https://x.com/nurvai_ai/status/2034330725458018393,,,,2026-03-18,,,,82,,,,,3,1,0,0.0,0.0975609756097561,,nvai,8.0,x,2.0343307254580183e+18,1.0,0.0,0.0,4.0,0.0,0.0,0.0,POTW,ExtAmp,19.123238,10.0756445
"@NVIDIARobotics Interesting direction. The generalist–specialist framing makes sense, especially for real-world deployment where both adaptability and reliability matter. The challenge will be making sure these systems stay robust as they scale outside controlled environments.",https://x.com/nurvai_ai/status/2034265271720874052,,,,2026-03-18,,,,185,,,,,1,0,0,0.0,0.005405405405405406,,nvai,1.0,x,2.034265271720874e+18,0.0,0.0,0.0,0.0,0.0,0.0,0.0,Reply,ExtAmp,16.07107,12.102018
@MengmiZhang Very interesting. Learning priors without labels or language suggests the structure in the data itself is doing most of the work. Would be interesting to see how this behaves under real-world noise and long-tail distributions.,https://x.com/nurvai_ai/status/2034264745763635466,,,,2026-03-18,,,,134,,,,,1,1,0,1.0,0.029850746268656716,,nvai,4.0,x,2.0342647457636355e+18,0.0,0.0,1.0,0.0,0.0,0.0,0.0,Reply,ExtAmp,18.894712,12.15095
@christos_ziakas Interesting idea. Video planners often look right but break on physics. This feels like a solid way to ground them. Curious how it scales to more complex tasks.,https://x.com/nurvai_ai/status/2034263838544044074,,,,2026-03-18,,,,223,,,,,1,0,0,0.0,0.004484304932735426,,nvai,1.0,x,2.034263838544044e+18,0.0,0.0,0.0,0.0,0.0,0.0,0.0,Reply,ExtAmp,19.230352,11.880362
"@BrianRoemmele Very impressive. Tasks like screwing and wire handling are where manipulation really gets hard—contact-rich, precise, and unforgiving. Great to see tactile feedback playing a bigger role here.",https://x.com/nurvai_ai/status/2034259502053081581,,,,2026-03-18,,,,21,,,,,1,0,0,0.0,0.09523809523809523,,nvai,2.0,x,2.0342595020530816e+18,0.0,0.0,1.0,0.0,0.0,0.0,0.0,Reply,ExtAmp,18.122011,8.703149
This week as our #NurvaiResearcherOfTheWeek we'd like to highlight @chelseabfinn and the team behind Data Analogies. Really insightful work on data structuring for cross-embodiment learning. Approaches like this could be key for scaling robot datasets. One key takeaway for us,https://x.com/nurvai_ai/status/2033945857075372133,,,,2026-03-17,,,,95,,,,,1,0,0,0.0,0.031578947368421054,,nvai,3.0,x,2.033945857075372e+18,0.0,0.0,0.0,2.0,0.0,0.0,0.0,ROTW,ExtAmp,18.699049,11.165898
"@linuxfoundation Impressive release. Better physics simulation, especially for contacts and deformables, is a big step forward for robot learning. Bridging the gap to real-world behavior will be exciting to watch.",https://x.com/nurvai_ai/status/2033902219687309388,,,,2026-03-17,,,,125,,,,,0,0,0,0.0,0.008,,nvai,1.0,x,2.0339022196873093e+18,0.0,0.0,1.0,0.0,0.0,0.0,0.0,Reply,ExtAmp,17.132019,9.8595495
"@BrianRoemmele @physical_int Impressive progress. Reducing training cost and time this much is huge. As iteration speeds up, access to high-quality real-world data becomes even more critical. Always happy to connect if more data is useful.",https://x.com/nurvai_ai/status/2033900986385719450,,,,2026-03-17,,,,2,,,,,0,0,0,0.0,0.0,,nvai,0.0,x,2.0339009863857196e+18,0.0,0.0,0.0,0.0,0.0,0.0,0.0,Reply,ExtAmp,16.83112,12.843512
@chelseabfinn @DorsaSadigh @StanfordAILab Interesting result. It’s a nice reminder that structure in the data (like pairing across embodiments) can matter just as much as raw diversity. Curious how this tradeoff evolves as datasets scale further.,https://x.com/nurvai_ai/status/2033899460779184128,,,,2026-03-17,,,,88,,,,,0,0,0,0.0,0.0,,nvai,0.0,x,2.033899460779184e+18,0.0,0.0,0.0,0.0,0.0,0.0,0.0,Reply,ExtAmp,17.202776,11.797486
"@GeneralistAI @Universal_Robot Impressive demo! Great to see systems like this running in real time on industrial hardware. Still room to improve robustness, but definitely a solid step toward real-world deployment.",https://x.com/nurvai_ai/status/2033897700811223120,,,,2026-03-17,,,,193,,,,,1,0,0,0.0,0.02072538860103627,,nvai,4.0,x,2.033897700811223e+18,0.0,0.0,2.0,1.0,0.0,0.0,0.0,Reply,ExtAmp,15.889092,10.259524
"@sundayrobotics Exciting direction. Moving from carefully staged demos to robots operating in real homes is a huge step for the field. Real-world household environments are incredibly diverse, and scaling the data needed to handle that variability will be key.",https://x.com/nurvai_ai/status/2032454292460683462,,,,2026-03-13,,,,258,,,,,0,0,0,0.0,0.003875968992248062,,nvai,1.0,x,2.0324542924606835e+18,0.0,0.0,1.0,0.0,0.0,0.0,0.0,Reply,ExtAmp,16.338093,10.425793
@ToanNguyenCS Really interesting direction. Conditioning on why an action is taken instead of just the trajectory seems important for disambiguating demonstrations in complex tasks. Approaches like this also highlight how valuable rich demonstration data can be when it captures not just,https://x.com/nurvai_ai/status/2032451439876853886,,,,2026-03-13,,,,87,,,,,1,0,0,0.0,0.034482758620689655,,nvai,3.0,x,2.0324514398768538e+18,0.0,0.0,2.0,0.0,0.0,0.0,0.0,Reply,ExtAmp,18.305752,9.839946
@BostonDynamics @fieldai_ Great to see this. Dynamic environments like construction sites are a real proving ground for autonomy. Scaling real-world robot interaction data will be critical for systems operating in spaces like these. Always happy to connect if more data is useful.,https://x.com/nurvai_ai/status/2032450049087566174,,,,2026-03-13,,,,106,,,,,2,0,0,0.0,0.018867924528301886,,nvai,2.0,x,2.032450049087566e+18,0.0,0.0,0.0,0.0,0.0,0.0,0.0,Reply,ExtAmp,16.405855,10.372195
@KostasPenn Very cool approach. Injecting perception guidance directly into the generative process of a VLA policy seems like a clean way to make policies more modular. Decoupling perception improvements from policy retraining could make iteration much faster.,https://x.com/nurvai_ai/status/2032445673824498053,,,,2026-03-13,,,,371,,,,,2,0,0,0.0,0.018867924528301886,,nvai,7.0,x,2.0324456738244982e+18,0.0,0.0,2.0,3.0,0.0,0.0,0.0,Reply,ExtAmp,17.850605,12.928664
This weeks #NurvaiPaperOfTheWeek got us thinking: How do you see egocentric human data fitting into future robotics training pipelines,https://x.com/nurvai_ai/status/2032098911796548011,,,,2026-03-12,,,,97,,,,,0,0,0,0.0,0.061855670103092786,,nvai,6.0,x,2.032098911796548e+18,0.0,0.0,1.0,4.0,0.0,0.0,0.0,POTW,ExtAmp,17.666027,11.329198
"@shashuo0104 Very cool work. Fine-grained teleop is notoriously difficult, especially when trying to collect consistent demonstrations. A residual copilot that improves control while generating higher-quality data for imitation learning seems like a very promising direction.",https://x.com/nurvai_ai/status/2032091338959700250,,,,2026-03-12,,,,87,,,,,1,0,0,0.0,0.04597701149425287,,nvai,4.0,x,2.0320913389597002e+18,0.0,0.0,2.0,1.0,0.0,0.0,0.0,Reply,ExtAmp,16.142555,8.967728
"@allen_ai Really interesting results. One thing that stood out in the scaling plot is how much more strongly performance improves with real-world data compared to simulation. Simulation clearly helps with coverage and experimentation, but the scaling trend suggests real-world data still",https://x.com/nurvai_ai/status/2032090360080486804,,,,2026-03-12,,,,327,,,,,3,0,0,0.0,0.01834862385321101,,nvai,6.0,x,2.032090360080487e+18,2.0,0.0,1.0,2.0,0.0,0.0,0.0,Reply,ExtAmp,16.789896,12.124776
"@rsasaki0109 Interpretability is one of the most underrated aspects of machine learning. Tools like this are really valuable for understanding how VLA models connect vision, language, and action internally. Will the full release be open source?",https://x.com/nurvai_ai/status/2032085623935209807,,,,2026-03-12,,,,99,,,,,0,0,0,0.0,0.020202020202020204,,nvai,2.0,x,2.0320856239352097e+18,0.0,0.0,0.0,2.0,0.0,0.0,0.0,Reply,ExtAmp,17.875975,12.368934
@ShuoYangAIR Interesting direction. Using video diffusion to model spatiotemporal dynamics before mapping to actions feels like a natural way to give robot policies stronger physical priors. Curious to see how this holds up in broader real-world settings.,https://x.com/nurvai_ai/status/2032083094635757847,,,,2026-03-12,,,,595,,,,,2,0,0,0.0,0.018487394957983194,,nvai,11.0,x,2.0320830946357578e+18,0.0,0.0,5.0,4.0,0.0,0.0,0.0,Reply,ExtAmp,19.374002,11.784245
"Research like this highlights how data is still a bottleneck for robotics, and how, high quality, interaction rich, egocentric data is one of the most necessary factors to forward robotics development. Read the full article at: https://t.co/q0JWoP6MAc",https://x.com/nurvai_ai/status/2031746050625585556,,,,2026-03-11,,,,52,,,,,0,0,0,0.0,0.19230769230769232,,nvai,10.0,x,2.0317460506255857e+18,0.0,0.0,1.0,1.0,8.0,0.0,0.0,Unspecified,ExtAmp,17.432335,11.017503
"They also integrate PhysBrain into a robotic manipulation benchmark (SimplerEnv). The model achieves a 53.9% task success rate, suggesting that structured egocentric human data can meaningfully improve robot learning without relying on massive amounts of expensive robot",https://x.com/nurvai_ai/status/2031746049593709009,,,,2026-03-11,,,,69,,,,,0,1,0,0.0,0.014492753623188406,,nvai,1.0,x,2.031746049593709e+18,0.0,0.0,0.0,0.0,0.0,0.0,0.0,Unspecified,ExtAmp,18.008623,11.610221
"To evaluate the approach, the authors test PhysBrain on EgoThink, a benchmark focused on egocentric physical reasoning and planning. Compared to standard VLMs, PhysBrain shows strong improvements on tasks that require understanding hand-object interactions and multi-step actions,",https://x.com/nurvai_ai/status/2031746048406745579,,,,2026-03-11,,,,10,,,,,0,1,0,0.0,0.1,,nvai,1.0,x,2.0317460484067456e+18,0.0,0.0,0.0,0.0,0.0,0.0,0.0,Unspecified,ExtAmp,18.115768,11.696616
"From this pipeline, the authors construct a dataset called E2E-3M, containing ~3M supervision samples derived from egocentric human video. They then train PhysBrain, a VLM designed to better capture physical interactions from a first-person perspective. Rather than only learning",https://x.com/nurvai_ai/status/2031746047207145779,,,,2026-03-11,,,,17,,,,,0,1,0,0.0,0.058823529411764705,,nvai,1.0,x,2.0317460472071457e+18,0.0,0.0,0.0,0.0,0.0,0.0,0.0,Unspecified,ExtAmp,18.063053,11.847296
"The pipeline makes it so that Instead of feeding raw egocentric video directly into the model, the pipeline converts human first-person activity into structured supervision signals that better align with robotic action spaces. This process extracts interaction information and",https://x.com/nurvai_ai/status/2031746046116692253,,,,2026-03-11,,,,10,,,,,0,1,0,0.0,0.1,,nvai,1.0,x,2.0317460461166922e+18,0.0,0.0,0.0,0.0,0.0,0.0,0.0,Unspecified,ExtAmp,17.88999,11.882204
"Egocentric human data, however, is not free of issues. Using it raw is hard because it can often times be messy and not aligned to the latent domain of actions as represented by the robot. Thus the authors propose an Egocentric2Embodiment pipeline that enables models to learn",https://x.com/nurvai_ai/status/2031746045122621818,,,,2026-03-11,,,,8,,,,,0,1,0,0.0,0.125,,nvai,1.0,x,2.0317460451226217e+18,0.0,0.0,0.0,0.0,0.0,0.0,0.0,Unspecified,ExtAmp,17.758286,11.594027
"A solution to this problem is potentially training on robot data, however, that is not very scalable as robot data is expensive, slow and generates limited diversity. Then the most feasible solution is egocentric human data.",https://x.com/nurvai_ai/status/2031746044115964394,,,,2026-03-11,,,,21,,,,,0,1,0,0.0,0.047619047619047616,,nvai,1.0,x,2.0317460441159644e+18,0.0,0.0,0.0,0.0,0.0,0.0,0.0,Unspecified,ExtAmp,17.456617,11.500287
"This mismatch results in models that have trouble with object-hand interactions, action planning and physical reasoning. This is commonly known as the viewpoint mismatch problem.",https://x.com/nurvai_ai/status/2031746043168149999,,,,2026-03-11,,,,8,,,,,0,1,0,0.0,0.125,,nvai,1.0,x,2.03174604316815e+18,0.0,0.0,0.0,0.0,0.0,0.0,0.0,Unspecified,ExtAmp,18.398361,10.430105
"VLMs are a foundational component of VLAs, providing the visual understanding and semantic grounding needed for action. However, most VLMs are trained on large-scale internet data that predominantly reflects third-person viewpoints. This creates a mismatch with robotic perception",https://x.com/nurvai_ai/status/2031746042253791579,,,,2026-03-11,,,,21,,,,,1,1,0,0.0,0.09523809523809523,,nvai,2.0,x,2.0317460422537915e+18,0.0,0.0,0.0,0.0,0.0,0.0,0.0,Unspecified,ExtAmp,17.991428,12.24828
"TL; DR Most Vision-Language Models are trained on third-person internet data, while robots perceive the world egocentrically, creating a viewpoint mismatch that hurts physical reasoning and manipulation. The paper introduces PhysBrain, trained on 3M structured samples derived",https://x.com/nurvai_ai/status/2031746041251258506,,,,2026-03-11,,,,30,,,,,1,1,0,0.0,0.06666666666666667,,nvai,2.0,x,2.0317460412512586e+18,0.0,0.0,0.0,0.0,0.0,0.0,0.0,Unspecified,ExtAmp,17.880463,12.119329
"This week @nurvai_ai, for our ##NurvaiPaperOfTheWeek, we read PhysBrain: Human Egocentric Data as a Bridge from Vision Language Models to Physical Intelligence Here's what we've learnt from it: 👇🧵 https://t.co/jxXW89pUX4",https://x.com/nurvai_ai/status/2031746039347048553,,,,2026-03-11,,,,96,,,,,2,1,0,0.0,0.125,,nvai,12.0,x,2.0317460393470484e+18,0.0,0.0,1.0,7.0,0.0,1.0,0.0,POTW,ExtAmp,17.875645,11.694566
"@ManusMeta Great to see more tools focused on capturing high-quality dexterous manipulation data. Human demonstrations remain a powerful signal for complex hand-object interactions. We won’t be at GTC this time, but looking forward to seeing how this progresses.",https://x.com/nurvai_ai/status/2031729735798309015,,,,2026-03-11,,,,37,,,,,1,0,0,0.0,0.10810810810810811,,nvai,4.0,x,2.031729735798309e+18,0.0,0.0,2.0,1.0,0.0,0.0,0.0,Reply,ExtAmp,18.275236,9.002838
@startupjag @rhoda_ai_ This new foundation model looks really interesting. Framing robot policies as a video generation problem rather than pure action prediction is a really smart approach. Props to you guys!,https://x.com/nurvai_ai/status/2031728484427481205,,,,2026-03-11,,,,144,,,,,0,0,0,0.0,0.0,,nvai,0.0,x,2.031728484427481e+18,0.0,0.0,0.0,0.0,0.0,0.0,0.0,Reply,ExtAmp,19.212816,11.937117
@rhoda_ai_ Smart way to tackle the data and memory challenges in robot learning. Web-scale video can provide strong priors before real-world interaction data takes over.,https://x.com/nurvai_ai/status/2031725870377795632,,,,2026-03-11,,,,177,,,,,0,0,0,0.0,0.005649717514124294,,nvai,1.0,x,2.0317258703777956e+18,0.0,0.0,0.0,1.0,0.0,0.0,0.0,Reply,ExtAmp,18.926838,12.023336
@LihanZha Cross-embodiment transfer is still one of the biggest gaps for generalist robot policies. Aligning action representations with language is an interesting direction for making policies less tied to a specific morphology.,https://x.com/nurvai_ai/status/2031723910434083148,,,,2026-03-11,,,,30,,,,,0,0,0,0.0,0.03333333333333333,,nvai,1.0,x,2.031723910434083e+18,0.0,0.0,1.0,0.0,0.0,0.0,0.0,Reply,ExtAmp,19.06609,10.87622
"This week at Nurvai we’d like to highlight Guangqi Jiang as our Researcher of the Week. Really exciting work on cross-embodiment learning. Approaches like this could be key for scaling robot datasets. For the us, it also highlights the exciting possibility that datasets may",https://x.com/nurvai_ai/status/2031404281224397279,,,,2026-03-10,,,,615,,,,,5,0,4,1.0,0.04227642276422764,,nvai,26.0,x,2.0314042812243973e+18,0.0,0.0,9.0,7.0,0.0,0.0,0.0,Unspecified,ExtAmp,18.561323,10.939033
@robotsdigest A strong correlation between the world model is a step in the right direction. Tolls like this one are what will help real robots deploy,https://x.com/nurvai_ai/status/2031370651076845762,,,,2026-03-10,,,,12,,,,,0,0,0,0.0,0.0,,nvai,0.0,x,2.0313706510768458e+18,0.0,0.0,0.0,0.0,0.0,0.0,0.0,Reply,ExtAmp,15.726899,10.479536
"@WevolverApp Cleaning seems simple until you try to get a robot to do it. Wet surfaces, clutter, switching tools, using chemicals, interacting with fixtures, a lot of small edge cases everywhere. Curious how much of this Loki can actually handle reliably in real environments.",https://x.com/nurvai_ai/status/2031368363117597042,,,,2026-03-10,,,,28,,,,,1,0,0,0.0,0.03571428571428571,,nvai,1.0,x,2.031368363117597e+18,0.0,0.0,0.0,0.0,0.0,0.0,0.0,Reply,ExtAmp,16.634985,9.943027
@StanfordAILab Interesting direction. Getting VLM agents to actually build internal world models instead of just reacting token-by-token feels like a big step for embodied and visual reasoning. How does VAGEN handle long-horizon state consistency?,https://x.com/nurvai_ai/status/2031366758632710519,,,,2026-03-10,,,,87,,,,,1,0,0,0.0,0.022988505747126436,,nvai,2.0,x,2.0313667586327104e+18,0.0,0.0,1.0,0.0,0.0,0.0,0.0,Reply,ExtAmp,18.213045,12.668611
@laneburgett This is genuinely amazing. A system like this could really help reduce construction costs while also reducing the risk to human lives. Achieving this with only 200 trajectories is absolutely crazy. If you're interested in getting some more feel free to contact us,https://x.com/nurvai_ai/status/2031360904198033838,,,,2026-03-10,,,,208,,,,,0,0,0,0.0,0.009615384615384616,,nvai,2.0,x,2.031360904198034e+18,0.0,0.0,2.0,0.0,0.0,0.0,0.0,Reply,ExtAmp,15.553116,10.525677
"@askalphaxiv Interesting result. If pretrained VLAs really act as stable priors, continual learning in robotics becomes much more practical. Positive backward transfer is especially intriguing.",https://x.com/nurvai_ai/status/2031004684467536037,,,,2026-03-09,,,,36,,,,,0,0,0,0.0,0.05555555555555555,,nvai,2.0,x,2.0310046844675361e+18,0.0,0.0,2.0,0.0,0.0,0.0,0.0,Reply,ExtAmp,18.651846,12.538695
"@robertorobotics Insertion tasks are notoriously sensitive to perception quality. The added Z-axis camera should help with alignment and depth cues. Curious to see how much it improves performance. If you ever find yourself needing more robotics interaction data, feel free to reach out.",https://x.com/nurvai_ai/status/2031003152820973794,,,,2026-03-09,,,,32,,,,,0,0,0,0.0,0.0,,nvai,0.0,x,2.0310031528209738e+18,0.0,0.0,0.0,0.0,0.0,0.0,0.0,Reply,ExtAmp,17.760675,10.065513
@NVIDIARobotics This is a great use case for AI. Systems that monitor plant health and allocate resources precisely can make agriculture far more efficient while freeing people to focus on higher-level work. Nicely done.,https://x.com/nurvai_ai/status/2030998223205085284,,,,2026-03-09,,,,179,,,,,0,0,0,0.0,0.00558659217877095,,nvai,1.0,x,2.0309982232050852e+18,0.0,0.0,1.0,0.0,0.0,0.0,0.0,Reply,ExtAmp,16.102852,11.901408
"@IlirAliu_ @foundation_robo Good reminder that locomotion starts with proprioception. If the robot can stabilize without vision, the control policy is doing the heavy lifting.",https://x.com/nurvai_ai/status/2030996895829479536,,,,2026-03-09,,,,22,,,,,0,0,0,0.0,0.09090909090909091,,nvai,2.0,x,2.0309968958294794e+18,0.0,0.0,0.0,2.0,0.0,0.0,0.0,Reply,ExtAmp,17.39403,9.437785
"@huihan_liu Surprising but encouraging. If pretrained VLAs retain prior skills while adapting to new ones, continual learning for robots becomes much more viable.",https://x.com/nurvai_ai/status/2029913954483347577,,,,2026-03-06,,,,123,,,,,2,0,0,0.0,0.024390243902439025,,nvai,3.0,x,2.0299139544833475e+18,0.0,0.0,0.0,1.0,0.0,0.0,0.0,Reply,ExtAmp,18.352571,12.749958
"@stepjamUK The point about sensor desynchronization is important. When RGB, depth, and joint states don’t correspond to the same instant, the planner is reasoning over a world state that never actually existed.",https://x.com/nurvai_ai/status/2029910455842447362,,,,2026-03-06,,,,41,,,,,0,0,0,0.0,0.0,,nvai,0.0,x,2.0299104558424474e+18,0.0,0.0,0.0,0.0,0.0,0.0,0.0,Reply,ExtAmp,18.047235,10.696417
"@zeonsystems A good reminder that precision tasks are often limited by calibration, not planning. When perception and kinematics are aligned properly, many “impossible” manipulations suddenly become tractable.",https://x.com/nurvai_ai/status/2029909729024024685,,,,2026-03-06,,,,36,,,,,0,0,0,0.0,0.027777777777777776,,nvai,1.0,x,2.0299097290240246e+18,0.0,0.0,1.0,0.0,0.0,0.0,0.0,Reply,ExtAmp,18.259523,10.049093
@lukas_m_ziegler @DexterityRobots Systems like this show how much robotics benefits from real-world scale. 100M+ placements means the model has actually seen the edge cases that make warehouse manipulation hard. That kind of operational data is a serious advantage.,https://x.com/nurvai_ai/status/2029909251536130088,,,,2026-03-06,,,,57,,,,,0,0,0,0.0,0.0,,nvai,0.0,x,2.02990925153613e+18,0.0,0.0,0.0,0.0,0.0,0.0,0.0,Reply,ExtAmp,16.669403,11.165516
Teleoperation of Dual-Arm Manipulators via VR Interfaces: A Framework Integrating Simulation and Real-World Control got us thinking: What will matter most for scaling VR teleoperation in robotics?,https://x.com/nurvai_ai/status/2029569295194185936,,,,2026-03-05,,,,76,,,,,1,0,0,0.0,0.13157894736842105,,nvai,10.0,x,2.029569295194186e+18,0.0,0.0,2.0,5.0,0.0,0.0,0.0,Poll,ExtAmp,16.01707,8.284997
@WevolverApp High-quality human motion data is an underrated resource for robotics. Translating natural human movement into robot control can accelerate both learning and deployment.,https://x.com/nurvai_ai/status/2029552320954917318,,,,2026-03-05,,,,27,,,,,1,0,0,0.0,0.037037037037037035,,nvai,1.0,x,2.0295523209549174e+18,0.0,0.0,0.0,0.0,0.0,0.0,0.0,Reply,ExtAmp,18.835316,10.373453
@NickBuilds11 @sourccey Generalizing from round fellas to non-round fellas is great!,https://x.com/nurvai_ai/status/2029549808076099787,,,,2026-03-05,,,,54,,,,,2,0,0,0.0,0.09259259259259259,,nvai,5.0,x,2.0295498080760998e+18,0.0,0.0,0.0,3.0,0.0,0.0,0.0,Reply,ExtAmp,13.18007,9.671571
"@drmapavone This is a nice framing of the problem. If policies propose actions and a verifier allocates compute to reasoning at deployment, you effectively turn inference into a search process over behaviors. That could be a powerful scaling path.",https://x.com/nurvai_ai/status/2029547057367613765,,,,2026-03-05,,,,42,,,,,0,0,0,0.0,0.0,,nvai,0.0,x,2.0295470573676137e+18,0.0,0.0,0.0,0.0,0.0,0.0,0.0,Reply,ExtAmp,17.968552,12.803281
@ToruO_O This is great. Thinking in terms of human preference in a task like this seems like the right approach. To have achieved 90% success rate with only 50~200 trajectories is crazy!,https://x.com/nurvai_ai/status/2029545717547593771,,,,2026-03-05,,,,66,,,,,1,0,0,0.0,0.06060606060606061,,nvai,4.0,x,2.0295457175475937e+18,0.0,0.0,2.0,1.0,0.0,0.0,0.0,Reply,ExtAmp,15.526671,10.713457
"@zeonsystems This is the right application. Offload the repetitive lab work, increase experimental velocity, let researchers focus on insight instead of logistics.",https://x.com/nurvai_ai/status/2029190272018415801,,,,2026-03-04,,,,107,,,,,0,0,0,0.0,0.0,,nvai,0.0,x,2.0291902720184159e+18,0.0,0.0,0.0,0.0,0.0,0.0,0.0,Reply,ExtAmp,15.440649,10.822062
@IlirAliu_ Reward models don’t fail because they’re small. They fail because they’re narrow. Training across embodiments and learning from failures instead of just successes is the right scaling axis. Zero-shot reward transfer is a big deal if it holds up.,https://x.com/nurvai_ai/status/2029188900288139425,,,,2026-03-04,,,,47,,,,,1,0,0,0.0,0.02127659574468085,,nvai,1.0,x,2.0291889002881395e+18,0.0,0.0,0.0,0.0,0.0,0.0,0.0,Reply,ExtAmp,19.00048,12.517449
"@Haoyang1i This is a great development. Abstract knowledge of physics only goes so far when the actual object–surface dynamics are unknown. Work like this makes it clear how critical rich, interaction-heavy data is for grounding and adaptation. If you ever need more of that kind of data,",https://x.com/nurvai_ai/status/2029188154511536560,,,,2026-03-04,,,,48,,,,,1,0,0,0.0,0.0625,,nvai,3.0,x,2.0291881545115366e+18,0.0,0.0,2.0,0.0,0.0,0.0,0.0,Reply,ExtAmp,17.027287,10.048374
@physical_int This is genius. Split memory into short-term visual state and long-term semantic abstraction. That’s what actually makes long-horizon tasks workable. More VLAs need this.,https://x.com/nurvai_ai/status/2029185891399315659,,,,2026-03-04,,,,980,,,,,12,0,0,1.0,0.02142857142857143,,nvai,21.0,x,2.0291858913993157e+18,2.0,0.0,3.0,5.0,0.0,0.0,0.0,Reply,ExtAmp,18.288397,12.669979
Open-sourcing full whole-body teleop pipelines is a big deal. Lowering the barrier to high-quality control stacks is how we accelerate experimentation and real-world deployment. Huge win for the community.,https://x.com/nurvai_ai/status/2028849198532071527,,,,2026-03-03,,,,121,,,,,3,0,0,0.0,0.03305785123966942,,nvai,4.0,x,2.0288491985320714e+18,0.0,0.0,0.0,1.0,0.0,0.0,0.0,Unspecified,ExtAmp,15.718091,9.071043
"@jamesvgingerich This is a really good deployment, it shows how complex tasks can be achieved easily by robots.",https://x.com/nurvai_ai/status/2028841448733339752,,,,2026-03-03,,,,19,,,,,1,0,0,0.0,0.10526315789473684,,nvai,2.0,x,2.0288414487333396e+18,0.0,0.0,0.0,1.0,0.0,0.0,0.0,Reply,ExtAmp,15.535205,10.327237
@snasiriany Congrats on your PhD and RoboCasa365! This is a serious contribution that will lead to great progress in the field. 600+ hours of teleop data in a controlled benchmarking framework highlights how central high-quality data has become for pushing generalist policies forward.,https://x.com/nurvai_ai/status/2028831956541042970,,,,2026-03-03,,,,68,,,,,0,0,0,0.0,0.0,,nvai,0.0,x,2.028831956541043e+18,0.0,0.0,0.0,0.0,0.0,0.0,0.0,Reply,ExtAmp,16.135384,9.341619
"@realHongyu_Wang A fully native 1-bit VLA is a bold move. If performance holds up at that level of compression, this could meaningfully change the efficiency curve for real-world robot deployment. Very cool work.",https://x.com/nurvai_ai/status/2028824381951037767,,,,2026-03-03,,,,101,,,,,1,0,0,0.0,0.04950495049504951,,nvai,5.0,x,2.0288243819510377e+18,0.0,0.0,4.0,0.0,0.0,0.0,0.0,Reply,ExtAmp,17.229063,12.571591
@BoWang87 This is a great example of agent frameworks escaping the lab. Same core system running from phone to humanoid. That kind of portability is powerful. Open source makes it even better.,https://x.com/nurvai_ai/status/2028822983968743686,,,,2026-03-03,,,,623,,,,,3,0,0,0.0,0.006420545746388443,,nvai,4.0,x,2.0288229839687437e+18,1.0,0.0,0.0,1.0,0.0,0.0,0.0,Reply,ExtAmp,16.12122,10.19384
"Research like this reinforces why high-quality teleoperation data matters. Immersive VR systems don’t just enable control, they generate rich, human-guided demonstrations that can be leveraged to train and evaluate robotic manipulation models, especially for complex bimanual",https://x.com/nurvai_ai/status/2028514492036882847,,,,2026-03-02,,,,54,,,,,0,0,0,0.0,0.037037037037037035,,nvai,2.0,x,2.028514492036883e+18,0.0,0.0,0.0,0.0,2.0,0.0,0.0,Unspecified,ExtAmp,16.200054,8.411622
"Despite these limits, users reported strong presence and comfort. Operators adapted to occlusions and complex bimanual coordination over time, suggesting that intuitive VR interfaces can scale even under high visual and cognitive load.",https://x.com/nurvai_ai/status/2028514490887618650,,,,2026-03-02,,,,44,,,,,0,1,0,0.0,0.022727272727272728,,nvai,1.0,x,2.0285144908876186e+18,0.0,0.0,0.0,0.0,0.0,0.0,0.0,Unspecified,ExtAmp,16.23155,8.203633
"A key insight is the trade-off between visual density and latency. Denser point clouds improve perception but push end-to-end latency closer to safety limits, highlighting constraints when operating beyond high-speed local networks.",https://x.com/nurvai_ai/status/2028514489998385516,,,,2026-03-02,,,,9,,,,,0,1,0,0.0,0.1111111111111111,,nvai,1.0,x,2.0285144899983854e+18,0.0,0.0,0.0,0.0,0.0,0.0,0.0,Unspecified,ExtAmp,17.685106,10.685749
"The system was evaluated through both technical benchmarks and a user study. Results show high frame rates and low rendering performance under local network conditions, validating the feasibility of immersive VR for dual-arm teleoperation.",https://x.com/nurvai_ai/status/2028514488324907348,,,,2026-03-02,,,,18,,,,,0,1,0,0.0,0.05555555555555555,,nvai,1.0,x,2.0285144883249073e+18,0.0,0.0,0.0,0.0,0.0,0.0,0.0,Unspecified,ExtAmp,16.104021,8.1121235
"The paper proposes a system that uses a modular VR setup with a middleware layer and a digital twin augmented by real-time point clouds, improving perception and enabling a unified interface for both simulated and real dual-arm teleoperation.",https://x.com/nurvai_ai/status/2028514486869434812,,,,2026-03-02,,,,11,,,,,0,1,0,0.0,0.09090909090909091,,nvai,1.0,x,2.028514486869435e+18,0.0,0.0,0.0,0.0,0.0,0.0,0.0,Unspecified,ExtAmp,16.12548,8.163992
"Conventional teleoperation platform suffer from a couple of issues, the main ones being limited depth perception, restricted situational awareness, and non-intuitive control schemes. These limitations can lead to reduced tsk performance and operator fatigue when dealing with",https://x.com/nurvai_ai/status/2028514485955154164,,,,2026-03-02,,,,14,,,,,0,1,0,0.0,0.07142857142857142,,nvai,1.0,x,2.0285144859551542e+18,0.0,0.0,0.0,0.0,0.0,0.0,0.0,Unspecified,ExtAmp,15.938506,8.642626
"Teleoperation systems allow humans to remotely operate robots, a key capability that has enabled robotics to seep into fields like medicine, disaster response, and underwater exploration. This systems also enhance safety and operational efficiency.",https://x.com/nurvai_ai/status/2028514484550017298,,,,2026-03-02,,,,13,,,,,0,1,0,0.0,0.07692307692307693,,nvai,1.0,x,2.0285144845500173e+18,0.0,0.0,0.0,0.0,0.0,0.0,0.0,Unspecified,ExtAmp,15.880698,8.67496
"TL; DR VR-based teleoperation enables intuitive, high-fidelity dual-arm robot control, but exposes trade-offs between perception and latency. Beyond control, these systems are a powerful source of scalable human demonstration data for robot training.",https://x.com/nurvai_ai/status/2028514483467927756,,,,2026-03-02,,,,18,,,,,0,1,0,0.0,0.05555555555555555,,nvai,1.0,x,2.0285144834679278e+18,0.0,0.0,0.0,0.0,0.0,0.0,0.0,Unspecified,ExtAmp,16.129559,8.219999
"This week @nurvai_ai we read: Teleoperation of Dual-Arm Manipulators via VR Interfaces: A Framework Integrating Simulation and Real-World Control Here's what we've learnt from it (Imágen) #AI #Robotics #Teleoperation #Datasets (Image source: A. Torrejón et al., Electronics https://t.co/Pe4Stx1a2z",https://x.com/nurvai_ai/status/2028514482297635173,,,,2026-03-02,,,,83,,,,,4,1,0,0.0,0.1566265060240964,,nvai,13.0,x,2.028514482297635e+18,0.0,0.0,3.0,5.0,0.0,0.0,0.0,Unspecified,ExtAmp,16.11666,8.339133
"@robotsdigest @nvidia This result really reinforces that dexterous robot learning is fundamentally a data problem. Scaling high-quality, well-aligned egocentric human data is what unlocks predictable gains. This is exactly why investing in how data is captured, structured, and verified matters as much",https://x.com/nurvai_ai/status/2028463693554430382,,,,2026-03-02,,,,27,,,,,0,1,0,0.0,0.07407407407407407,,nvai,2.0,x,2.0284636935544305e+18,0.0,0.0,0.0,1.0,0.0,0.0,0.0,Reply,ExtAmp,17.396215,11.636736
@DJiafei This is a really elegant idea. Reading progress directly from token logits instead of training a separate reward model feels like a clean way to leverage what VLMs already know. Nice work.,https://x.com/nurvai_ai/status/2028462114948423893,,,,2026-03-02,,,,86,,,,,1,1,0,0.0,0.046511627906976744,,nvai,4.0,x,2.028462114948424e+18,0.0,0.0,2.0,0.0,0.0,0.0,0.0,Reply,ExtAmp,18.832912,12.54261
"@AgilexRobotics @nyuniversity Building a platform like this at a ~$10k BOM is huge. Accessibility is critical for the future of robotics, and projects like this meaningfully lower the barrier to entry. Congrats on the design!",https://x.com/nurvai_ai/status/2028460599122723049,,,,2026-03-02,,,,102,,,,,0,0,0,0.0,0.0196078431372549,,nvai,2.0,x,2.028460599122723e+18,0.0,0.0,1.0,1.0,0.0,0.0,0.0,Reply,ExtAmp,15.743159,10.2812605
"@JerryHan_og Data alignment is one of the trickiest parts of the data collection pipeline. A tool like this is a great way to catch subtle misalignments and ensure the data isn’t just usable, but genuinely high quality. Great work.",https://x.com/nurvai_ai/status/2028459567969865789,,,,2026-03-02,,,,50,,,,,1,0,0,0.0,0.04,,nvai,2.0,x,2.0284595679698657e+18,0.0,0.0,1.0,0.0,0.0,0.0,0.0,Reply,ExtAmp,16.518692,12.570612
What are your thoughts on using tool-based tasks to advance robotic learning? 🤖,https://x.com/nurvai_ai/status/2027430179501379923,,,,2026-02-27,,,,38,,,,,0,0,0,0.0,0.0,,nvai,0.0,x,2.0274301795013798e+18,0.0,0.0,0.0,0.0,0.0,0.0,0.0,Unspecified,ExtAmp,19.268694,12.064801
"The use of tongs adds a layer of complexity designed to improve generalization across both dexterous and gripper-style platforms and by tracking the operator's hand movements with high fidelity, we can apply inverse kinematics to determine precise joint states.",https://x.com/nurvai_ai/status/2027430177681146289,,,,2026-02-27,,,,44,,,,,0,1,0,0.0,0.022727272727272728,,nvai,1.0,x,2.0274301776811464e+18,0.0,0.0,0.0,0.0,0.0,0.0,0.0,Unspecified,ExtAmp,18.641907,9.064535
A key challenge in modern robotics is developing systems that can effectively generalize from human demonstrations. So here we have a snippet of how we apply what we learn at @nurvai_ai that helps push through this issue. This video shows an episode of a task we designed based https://t.co/ZG7SIKPaDw,https://x.com/nurvai_ai/status/2027430175671988650,,,,2026-02-27,,,,70,,,,,5,1,0,0.0,0.14285714285714285,,nvai,10.0,x,2.0274301756719887e+18,0.0,1.0,1.0,3.0,0.0,0.0,0.0,Unspecified,ExtAmp,18.612736,10.015096
"@RoboX_to Learning from humans makes sense. Intent is embedded in every movement, and at @nurvai_ai we focus on capturing that intent through high-quality egocentric data to help train better robots.",https://x.com/nurvai_ai/status/2027392228117586107,,,,2026-02-27,,,,27,,,,,0,0,0,0.0,0.0,,nvai,0.0,x,2.0273922281175862e+18,0.0,0.0,0.0,0.0,0.0,0.0,0.0,Reply,ExtAmp,18.77863,11.573964
@seo_minjoon Congrats on the milestone. Scaling high-quality VLA data is clearly a big unlock for general-purpose bimanipulation. Excited to see what becomes possible as datasets continue to grow in quality and diversity.,https://x.com/nurvai_ai/status/2027387948665045341,,,,2026-02-27,,,,69,,,,,0,0,0,0.0,0.014492753623188406,,nvai,1.0,x,2.0273879486650452e+18,0.0,0.0,1.0,0.0,0.0,0.0,0.0,Reply,ExtAmp,17.19348,12.517044
"@ojmichel4 Using Minecraft and the MMORPG framing were really smart choices. The model’s ability to produce synchronized world events like shared rain, along with the improved PvP sequences, is a great demonstration of a learned shared world state. Congrats to you and the team!",https://x.com/nurvai_ai/status/2027377524171284846,,,,2026-02-27,,,,542,,,,,0,0,0,0.0,0.0,,nvai,0.0,x,2.0273775241712847e+18,0.0,0.0,0.0,0.0,0.0,0.0,0.0,Reply,ExtAmp,18.204252,11.273586
@NVIDIARobotics @huggingface This is great to see. The ability to run the VLM on edge hardware will really help push the industry forward by lowering the barrier to entry. Well done Nvidia!,https://x.com/nurvai_ai/status/2027373979338473795,,,,2026-02-27,,,,146,,,,,0,0,0,0.0,0.00684931506849315,,nvai,1.0,x,2.0273739793384737e+18,0.0,0.0,1.0,0.0,0.0,0.0,0.0,Reply,ExtAmp,16.17097,12.254538
@AnselDias @norma_core_dev That's a really slick design!,https://x.com/nurvai_ai/status/2027027973224714469,,,,2026-02-26,,,,172,,,,,3,0,0,0.0,0.01744186046511628,,nvai,3.0,x,2.0270279732247145e+18,0.0,0.0,0.0,0.0,0.0,0.0,0.0,Reply,ExtAmp,13.613451,9.760677
"@chelseabfinn @corl_conf Data is the real constraint. If policies can learn across heterogeneous robot platforms, that’s a practical way to increase diversity without waiting to scale a single hardware stack.",https://x.com/nurvai_ai/status/2027027153552908397,,,,2026-02-26,,,,15,,,,,0,0,0,0.0,0.0,,nvai,0.0,x,2.0270271535529083e+18,0.0,0.0,0.0,0.0,0.0,0.0,0.0,Reply,ExtAmp,17.044481,11.570714
"@DrJimFan The scaling result is the most interesting part here. If human egocentric data volume reliably predicts real-robot success, that’s a strong argument for treating humans as the primary source of diversity rather than trying to scale robot-only data.",https://x.com/nurvai_ai/status/2027016895979741429,,,,2026-02-26,,,,550,,,,,0,0,0,1.0,0.0036363636363636364,,nvai,2.0,x,2.0270168959797414e+18,0.0,0.0,1.0,0.0,0.0,0.0,0.0,Reply,ExtAmp,17.0407,11.598445
"@ccloy @DRAVEN_ALG @TheYihangLuo @KangLiao929 Using simpler, well-motivated components on top of strong pretrained models seems like a great way to improve performance while keeping compute and complexity in check. The emphasis on clean design choices over architectural tricks is especially compelling. Well done!",https://x.com/nurvai_ai/status/2027013400304193982,,,,2026-02-26,,,,224,,,,,3,0,0,0.0,0.05357142857142857,,nvai,12.0,x,2.027013400304194e+18,0.0,0.0,4.0,5.0,0.0,0.0,0.0,Reply,ExtAmp,17.207317,13.119906
"Really interesting insights. VLA scaling and optimization may not only come from larger or better policies, but also from better verifiers. Curious to see how performance changes as the training dataset scales.",https://x.com/nurvai_ai/status/2026678266090627504,,,,2026-02-25,,,,91,,,,,1,0,0,0.0,0.03296703296703297,,nvai,3.0,x,2.0266782660906276e+18,0.0,0.0,1.0,1.0,0.0,0.0,0.0,Unspecified,ExtAmp,17.225079,12.659146
@svlevine @weaverobotics @Ultraroboticsco Interesting to see this deployed at scale. Real-world rollouts like this are what actually test whether these systems hold up beyond demos.,https://x.com/nurvai_ai/status/2026675764888760410,,,,2026-02-25,,,,86,,,,,1,0,0,0.0,0.023255813953488372,,nvai,2.0,x,2.0266757648887603e+18,0.0,0.0,1.0,0.0,0.0,0.0,0.0,Reply,ExtAmp,15.917215,11.13813
"@alexanderawolf 44K hours is really just a starting point for such impressive results. More varied and complex interaction data would likely unlock a better behavior. We’re gradually building in that direction at @nurvai_ai. If this interests you, you're welcome to explore it and get in touch.",https://x.com/nurvai_ai/status/2026674215789773058,,,,2026-02-25,,,,18,,,,,0,0,0,0.0,0.1111111111111111,,nvai,2.0,x,2.026674215789773e+18,0.0,0.0,2.0,0.0,0.0,0.0,0.0,Reply,ExtAmp,16.133097,9.635214
"@kushalk_ Interesting work. Abstracting tools down to a handle and focusing on pose reachability feels like an intuitive path toward generalization. How does this hold up on interactions that rely more heavily on tool specific dynamics, like prying or cutting?",https://x.com/nurvai_ai/status/2026655142829809991,,,,2026-02-25,,,,100,,,,,0,0,0,0.0,0.0,,nvai,0.0,x,2.02665514282981e+18,0.0,0.0,0.0,0.0,0.0,0.0,0.0,Reply,ExtAmp,18.43214,9.071837
@LiorOnAI Large-scale motion data seems to remove a lot of hand-engineering from control. The interesting question is how well this carries over once tasks require more than reproducing motion.,https://x.com/nurvai_ai/status/2026651020453917040,,,,2026-02-25,,,,63,,,,,0,0,0,0.0,0.0,,nvai,0.0,x,2.026651020453917e+18,0.0,0.0,0.0,0.0,0.0,0.0,0.0,Reply,ExtAmp,18.255775,9.120626
"Taken together, these results point to a broader theme: progress in world models and embodied AI is increasingly constrained not by architectures, but by the availability of diverse, high-quality data that reflects how the world is actually experienced. Check the full article",https://x.com/nurvai_ai/status/2026341016257589623,,,,2026-02-24,,,,51,,,,,0,0,0,0.0,0.058823529411764705,,nvai,3.0,x,2.0263410162575895e+18,0.0,0.0,0.0,2.0,1.0,0.0,0.0,Unspecified,ExtAmp,18.728638,11.101951
"The authors also report a strong correlation between success rates in the world model and those of the real platform, with a Pearson correlation score of 0.995. (Figure from DreamDojo, Lin et al., CC BY) https://t.co/V28SVkbxUc",https://x.com/nurvai_ai/status/2026341013590024396,,,,2026-02-24,,,,72,,,,,0,1,0,0.0,0.013888888888888888,,nvai,1.0,x,2.0263410135900244e+18,0.0,0.0,0.0,0.0,0.0,0.0,0.0,Unspecified,ExtAmp,15.900005,10.846147
"In human preference evaluations on out-of-distribution scenarios, DreamDojo models are consistently preferred over Cosmos-Predict2.5 in both physics correctness and action following, with DreamDojo-14B showing the strongest gains.",https://x.com/nurvai_ai/status/2026341011471909149,,,,2026-02-24,,,,14,,,,,0,1,0,0.0,0.07142857142857142,,nvai,1.0,x,2.026341011471909e+18,0.0,0.0,0.0,0.0,0.0,0.0,0.0,Unspecified,ExtAmp,17.776506,11.314304
"DreamDojo tackles this by relying on large-scale egocentric data. Although this creates a gap between observed actions and robot execution, the tradeoff is access to far more diverse environments, goals, and behaviors at a scale that’s hard to achieve with robot-only data. https://t.co/XmA903MII2",https://x.com/nurvai_ai/status/2026341008988885297,,,,2026-02-24,,,,15,,,,,0,1,0,0.0,0.13333333333333333,,nvai,2.0,x,2.0263410089888852e+18,0.0,0.0,0.0,1.0,0.0,0.0,0.0,Unspecified,ExtAmp,17.718718,11.109784
While world models present a great solution to the risk problem a lot of them struggle to capture the nuances of real-world physics and object interactions. This gap exists mainly due to a lack of diversity in intentions and interactions that comes from using expert,https://x.com/nurvai_ai/status/2026341006203920776,,,,2026-02-24,,,,9,,,,,0,1,0,0.0,0.1111111111111111,,nvai,1.0,x,2.026341006203921e+18,0.0,0.0,0.0,0.0,0.0,0.0,0.0,Unspecified,ExtAmp,18.378166,11.365971
"Evaluation has always been a bottleneck in robotics. Testing models often means running them on real hardware, where failures risk damaging the platform and incurring real cost. World models emerged to reduce that risk by allowing policies to be tested before deployment.",https://x.com/nurvai_ai/status/2026341004278673793,,,,2026-02-24,,,,17,,,,,0,1,0,0.0,0.11764705882352941,,nvai,2.0,x,2.026341004278674e+18,0.0,0.0,1.0,0.0,0.0,0.0,0.0,Unspecified,ExtAmp,16.06618,11.01244
"TL;DR: Evaluating robots on real hardware is risky and costly, so world models are essential, but many fail to generalize because they’re trained on narrow expert data. DreamDojo shows that large-scale egocentric data, despite its imperfections, provides the diversity needed to",https://x.com/nurvai_ai/status/2026341002668122236,,,,2026-02-24,,,,24,,,,,0,1,0,0.0,0.041666666666666664,,nvai,1.0,x,2.026341002668122e+18,0.0,0.0,0.0,0.0,0.0,0.0,0.0,Unspecified,ExtAmp,17.349113,11.298192
"This week at @nurvai_ai we read DreamDojo: A Generalist Robot World Model from Large-Scale Human Videos. The paper outlines the creation of a new world model trained on 44K hours of egocentric human data. Here's why it matters 🧵 (Figure from DreamDojo, Lin et al. , CC BY) https://t.co/EyeuQ4qmKn",https://x.com/nurvai_ai/status/2026341000017285391,,,,2026-02-24,,,,104,,,,,3,1,0,0.0,0.15384615384615385,,nvai,16.0,x,2.0263410000172854e+18,0.0,0.0,1.0,9.0,0.0,0.0,0.0,Unspecified,ExtAmp,17.64877,11.3368
"@Ronald_vanLoon @IntEngineering Taking humans out of dangerous situations is one of the clearest wins for robotics. If that means deploying the Mecha Paw Patrol to fires and disaster zones, that’s a trade I’m happy to make.",https://x.com/nurvai_ai/status/2026315281484673302,,,,2026-02-24,,,,24,,,,,1,0,0,0.0,0.08333333333333333,,nvai,2.0,x,2.0263152814846733e+18,0.0,0.0,1.0,0.0,0.0,0.0,0.0,Reply,ExtAmp,15.4759865,9.965665
@mimicrobotics @AudiOfficial Complex tasks require a lot of dexterity and control. Your platform and and model combination seems like a really good deployment tool for such tasks to be automatized . Congrats,https://x.com/nurvai_ai/status/2026310757709734371,,,,2026-02-24,,,,566,,,,,4,0,0,0.0,0.02120141342756184,,nvai,12.0,x,2.0263107577097344e+18,0.0,0.0,5.0,3.0,0.0,0.0,0.0,Reply,ExtAmp,15.288093,10.240837
@ShenyuanGao World models are key in pushing Embodied AI as they provide a way to test new developments without risking expensive hardware. @nurvai_ai we understand that works like this are enabled through real world data and aim to assist in providing it.,https://x.com/nurvai_ai/status/2026302963229057379,,,,2026-02-24,,,,119,,,,,2,1,0,0.0,0.13445378151260504,,nvai,16.0,x,2.0263029632290573e+18,0.0,0.0,4.0,9.0,0.0,0.0,0.0,Reply,ExtAmp,18.513565,11.068432
"@lukas_m_ziegler @ycombinator The emphasis on variability and short deployment cycles makes sense for 3PLs. If a system can handle changing SKUs and layouts without constant retraining or retooling, that’s where automation becomes viable beyond large, stable operators.",https://x.com/nurvai_ai/status/2026301887431971300,,,,2026-02-24,,,,95,,,,,1,0,0,0.0,0.05263157894736842,,nvai,5.0,x,2.0263018874319713e+18,0.0,0.0,1.0,3.0,0.0,0.0,0.0,Reply,ExtAmp,15.933623,11.212577
"@Ronald_vanLoon @murasametech It's cool that it was built with minimal electronics, but the real question is: Can you pet it?",https://x.com/nurvai_ai/status/2025989947115905240,,,,2026-02-23,,,,21,,,,,0,0,0,0.0,0.0,,nvai,0.0,x,2.0259899471159053e+18,0.0,0.0,0.0,0.0,0.0,0.0,0.0,Reply,ExtAmp,15.866739,9.901238
"@Ronald_vanLoon @ZappyZappy7 Understanding the real world is one of the most important things for deployment, and a task like that can only be achieved through meaningful amounts of real world data with diverse object interactions.",https://x.com/nurvai_ai/status/2025986496147435585,,,,2026-02-23,,,,21,,,,,0,0,0,0.0,0.047619047619047616,,nvai,1.0,x,2.0259864961474355e+18,0.0,0.0,0.0,1.0,0.0,0.0,0.0,Reply,ExtAmp,16.188236,11.71683
@FuEnYang1 Reducing reasoning latency without dropping planning depth feels like a meaningful direction for embodied agents. Fast internal reasoning is likely a prerequisite for real-time interaction outside lab settings. Congrats on the CVPR acceptance.,https://x.com/nurvai_ai/status/2025985346069299248,,,,2026-02-23,,,,132,,,,,2,0,0,0.0,0.045454545454545456,,nvai,6.0,x,2.0259853460692992e+18,0.0,0.0,0.0,4.0,0.0,0.0,0.0,Reply,ExtAmp,18.479267,11.97283
@IlirAliu_ Predictive decision making rather than reactive is a great development for embodied AI. Predictions could make it more deployable as failure risks get reduced. Props to them for this development,https://x.com/nurvai_ai/status/2025970610736881718,,,,2026-02-23,,,,180,,,,,0,0,0,0.0,0.011111111111111112,,nvai,2.0,x,2.0259706107368817e+18,0.0,0.0,1.0,1.0,0.0,0.0,0.0,Reply,ExtAmp,18.75825,11.170404
@Ronald_vanLoon @IntEngineering So fast!,https://x.com/nurvai_ai/status/2024844892443160943,,,,2026-02-20,,,,24,,,,,0,0,0,0.0,0.0,,nvai,0.0,x,2.0248448924431608e+18,0.0,0.0,0.0,0.0,0.0,0.0,0.0,Reply,ExtAmp,13.497204,9.74143
"@cheryyun_l This feels like an important benchmark for embodied spatial intelligence. It also highlights how important diverse, real-world data is to close gaps like this one on spatial memory.",https://x.com/nurvai_ai/status/2024842646636675528,,,,2026-02-20,,,,63,,,,,0,0,0,0.0,0.015873015873015872,,nvai,1.0,x,2.0248426466366756e+18,0.0,0.0,1.0,0.0,0.0,0.0,0.0,Reply,ExtAmp,18.885227,11.187007
@zhengyiluo Great to see whole-body teleoperation pipelines being open-sourced. Making these tools accessible is an important step for reproducibility and broader adoption. Looking forward to following the updates.,https://x.com/nurvai_ai/status/2024839944930230420,,,,2026-02-20,,,,395,,,,,0,0,0,0.0,0.0,,nvai,0.0,x,2.0248399449302305e+18,0.0,0.0,0.0,0.0,0.0,0.0,0.0,Reply,ExtAmp,15.88673,8.6508875
"@DJiafei Connecting the robotics AI problem to LLMs and following similar procedures seems intuitively like a good choice. Generalizability and robust reasoning are key factors in scaling these systems, and this looks like a good step forwards. Excited to see the full release",https://x.com/nurvai_ai/status/2024835985284989404,,,,2026-02-20,,,,79,,,,,0,0,0,0.0,0.012658227848101266,,nvai,1.0,x,2.0248359852849894e+18,0.0,0.0,1.0,0.0,0.0,0.0,0.0,Reply,ExtAmp,16.227589,10.705896
"@Tristan0x @UnitreeRobotics Inspiring story. Physical intelligence is the next revolution. The data for robots is as important as the models. @nurvai_ai we work hard to become one of the leading data farms, providing high-quality data to improve robotics models.",https://x.com/nurvai_ai/status/2024617728502378728,,,,2026-02-19,,,,766,,,,,0,0,0,0.0,0.0039164490861618795,,nvai,3.0,x,2.0246177285023788e+18,0.0,0.0,1.0,2.0,0.0,0.0,0.0,Reply,ExtAmp,17.315334,10.6902075
"@Ronald_vanLoon @Fabriziobustama As much as we believe robots are the future of everyday life, do you really see women trusting a $20,000 metal blender with their beautiful hair? 😆",https://x.com/nurvai_ai/status/2024613612954743292,,,,2026-02-19,,,,47,,,,,0,2,0,0.0,0.14893617021276595,,nvai,7.0,x,2.0246136129547433e+18,0.0,0.0,0.0,5.0,0.0,0.0,0.0,Reply,ExtAmp,16.905067,10.735586
This is exactly the kind of direction we're excited about at Nurvai Paper here: https://t.co/T8Z91xOpRZ,https://x.com/nurvai_ai/status/2024510762178240795,,,,2026-02-19,,,,66,,,,,1,0,0,0.0,0.10606060606060606,,nvai,7.0,x,2.0245107621782408e+18,0.0,0.0,1.0,1.0,4.0,0.0,0.0,Unspecified,ExtAmp,19.37574,10.826464
We just read “EgoBridge: Domain Adaptation for Generalizable Imitation from Egocentric Human Data” which shows us a very important step forward for robotics and embodied AI. They report a 44% improvement over human augmented cross-embodiment baselines. This could meaningfully,https://x.com/nurvai_ai/status/2024510760722796907,,,,2026-02-19,,,,79,,,,,3,1,0,0.0,0.08860759493670886,,nvai,7.0,x,2.0245107607227968e+18,0.0,0.0,0.0,3.0,0.0,0.0,0.0,Unspecified,ExtAmp,18.896168,10.8610325
@LorenRD @AgilexRobotics Thanks! Let's keep in touch!,https://x.com/nurvai_ai/status/2024499847592636702,,,,2026-02-19,,,,24,,,,,0,0,0,0.0,0.0,,nvai,0.0,x,2.0244998475926367e+18,0.0,0.0,0.0,0.0,0.0,0.0,0.0,Reply,ExtAmp,13.7656,9.761224
@bmontxna @faunarobotics Sprout is such a handsome fella.,https://x.com/nurvai_ai/status/2024486018850677097,,,,2026-02-19,,,,45,,,,,0,0,0,0.0,0.0,,nvai,0.0,x,2.024486018850677e+18,0.0,0.0,0.0,0.0,0.0,0.0,0.0,Reply,ExtAmp,13.5145645,9.640822
@NVIDIAAIDev @ToyotaResearch This is a strong showing for reusable world models. It also highlights the relevance of real world data in order to capture the real world dynamics and variability that makes this model useful.,https://x.com/nurvai_ai/status/2024485345987862698,,,,2026-02-19,,,,337,,,,,0,0,0,0.0,0.008902077151335312,,nvai,3.0,x,2.0244853459878628e+18,0.0,0.0,2.0,1.0,0.0,0.0,0.0,Reply,ExtAmp,16.231493,12.106101
"@WiYoungsun Congrats! Generalization across embodiments is one of the biggest limits on the usefulness of collected data, so making tactile demos transferable across hardware is a meaningful step forward.",https://x.com/nurvai_ai/status/2024479953786388920,,,,2026-02-19,,,,48,,,,,1,0,0,0.0,0.14583333333333334,,nvai,7.0,x,2.024479953786389e+18,0.0,0.0,1.0,5.0,0.0,0.0,0.0,Reply,ExtAmp,18.133604,8.694416
@robotsdigest This is a really well thought AI design philosophy. No environment can be fully controlled and that makes adaptability in real time one of the most relevant skills a system can have. Great job.,https://x.com/nurvai_ai/status/2024476965844009135,,,,2026-02-19,,,,59,,,,,0,0,0,0.0,0.0,,nvai,0.0,x,2.0244769658440092e+18,0.0,0.0,0.0,0.0,0.0,0.0,0.0,Reply,ExtAmp,16.142618,10.327172
@LorenRD This is our Cobot Magic (@AgilexRobotics ) - a bi-manual teleops that we use to collect manipulation datasets... Our Valentine activity :) https://t.co/iMm9A7HSMN,https://x.com/nurvai_ai/status/2024166476064637358,,,,2026-02-18,,,,28,,,,,1,1,0,0.0,0.42857142857142855,,nvai,12.0,x,2.0241664760646374e+18,0.0,0.0,4.0,6.0,0.0,0.0,0.0,Reply,ExtAmp,15.011608,9.803576
@BostonDynamics Spot would surely make a great office pet. Imagine it bringing u a fresh coffee once yours runs out!,https://x.com/nurvai_ai/status/2024151712789860522,,,,2026-02-18,,,,7,,,,,0,0,0,0.0,0.0,,nvai,0.0,x,2.0241517127898606e+18,0.0,0.0,0.0,0.0,0.0,0.0,0.0,Reply,ExtAmp,13.379573,9.527107
@stepjamUK @huggingface This insight is really good. It's important to remember that data quality matters as much if not more than the amount of data being produced.,https://x.com/nurvai_ai/status/2024149474776347064,,,,2026-02-18,,,,280,,,,,1,0,0,0.0,0.02857142857142857,,nvai,8.0,x,2.0241494747763471e+18,0.0,0.0,3.0,4.0,0.0,0.0,0.0,Reply,ExtAmp,16.498037,12.772306
"@IlirAliu_ This is intuitive, but was really well executed. Abstraction in the action space seems like a really efficient way to generalize learning across different platforms. Well done on language encoding",https://x.com/nurvai_ai/status/2024146392373936550,,,,2026-02-18,,,,39,,,,,0,0,0,0.0,0.02564102564102564,,nvai,1.0,x,2.0241463923739366e+18,0.0,0.0,1.0,0.0,0.0,0.0,0.0,Reply,ExtAmp,18.891094,11.49997
@chelseabfinn This was a really interesting read. The iterative loop between real world experience and learned world models feels like an important direction for scalable robot learning. Nice reminder of how real world data and synthetic data complement each other.,https://x.com/nurvai_ai/status/2024119143423782948,,,,2026-02-18,,,,166,,,,,2,1,0,0.0,0.04216867469879518,,nvai,7.0,x,2.024119143423783e+18,0.0,0.0,1.0,3.0,0.0,0.0,0.0,Reply,ExtAmp,18.715479,11.645101
"@LorenRD Good luck. We have been using Cobot Magic over the last year. If you need our insights, we will be happy to help you...",https://x.com/nurvai_ai/status/2023892600533782901,,,,2026-02-17,,,,22,,,,,0,1,0,0.0,0.18181818181818182,,nvai,4.0,x,2.0238926005337828e+18,0.0,0.0,3.0,0.0,0.0,0.0,0.0,Reply,ExtAmp,15.110079,9.842859
"@alexanderawolf Working with wearables helps you see fine movements of your body that you never realized you do. We also noticed that when we use end effectors, the pinky is always in the way of the camera. Removing it is unnatural and annoying, but what won't you do for great datasets...",https://x.com/nurvai_ai/status/2023890751076307270,,,,2026-02-17,,,,83,,,,,1,0,0,0.0,0.04819277108433735,,nvai,4.0,x,2.0238907510763072e+18,0.0,0.0,1.0,2.0,0.0,0.0,0.0,Reply,ExtAmp,17.900366,9.524616
"A cool thing we found this week was the development of a new tactile reactive gripper with 7-DOF. Something like this could help collect tactile information which may prove really useful in order to build safer, friendlier policies. More Info at: https://t.co/qOZ23Z1VQy",https://x.com/nurvai_ai/status/2023770336039186580,,,,2026-02-17,,,,115,,,,,1,0,0,0.0,0.034782608695652174,,nvai,4.0,x,2.0237703360391867e+18,0.0,0.0,1.0,0.0,2.0,0.0,0.0,Unspecified,ExtAmp,18.055746,8.584896
"@rerundotio This design philosophy sounds very solid. Reducing the incentive to downsample has the added benefit of retaining more full-fidelity sensor data, which seems like a net positive. Well done.",https://x.com/nurvai_ai/status/2023758657880510696,,,,2026-02-17,,,,41,,,,,1,0,0,0.0,0.07317073170731707,,nvai,3.0,x,2.0237586578805107e+18,0.0,0.0,0.0,2.0,0.0,0.0,0.0,Reply,ExtAmp,16.515985,12.778264
FYi: https://t.co/352nvQHmNG 🤖,https://x.com/nurvai_ai/status/2023456511993733347,,,,2026-02-16,,,,76,,,,,0,0,0,0.0,0.09210526315789473,,nvai,7.0,x,2.0234565119937334e+18,0.0,0.0,0.0,2.0,5.0,0.0,0.0,Unspecified,ExtAmp,13.084992,9.679088
"We’d like to give a huge thanks to @ziyuwang and the GM100 team for their oustanding reseach on ""The Great March 100"" The paper cited gave us several ideas for improving our task design and upgrading our data pipelines to better support generalizable robot learning. https://t.co/GmAOBtSMmi",https://x.com/nurvai_ai/status/2023456509468856794,,,,2026-02-16,,,,115,,,,,5,1,0,0.0,0.16521739130434782,,nvai,19.0,x,2.0234565094688568e+18,0.0,0.0,3.0,9.0,0.0,0.0,0.0,Unspecified,ExtAmp,19.014578,11.326449
"@CobotMy It's great to see a robot built for collaboration, as that is the way you would expect them to work once deployed. Great job guys!",https://x.com/nurvai_ai/status/2023418864760135770,,,,2026-02-16,,,,23,,,,,1,0,0,0.0,0.17391304347826086,,nvai,4.0,x,2.0234188647601357e+18,0.0,0.0,1.0,2.0,0.0,0.0,0.0,Reply,ExtAmp,15.344817,10.057646
@UnitreeRobotics It's great to see embodied AI being pushed forwards to the point of large scale deployment being in the horizon. Congrats!,https://x.com/nurvai_ai/status/2022328781042835505,,,,2026-02-13,,,,19,,,,,0,0,0,0.0,0.0,,nvai,0.0,x,2.0223287810428355e+18,0.0,0.0,0.0,0.0,0.0,0.0,0.0,Reply,ExtAmp,18.861553,10.963811
Interesting new preprint: The Great March 100 proposes a 100 novel tasks that seek to diversify robot learning and improve model generalization. This could meaningfully impact robotics by moving embodied AI past narrow benchmarks. Check it out: https://t.co/352nvQHUDe,https://x.com/nurvai_ai/status/2021975056180740286,,,,2026-02-12,,,,85,,,,,1,0,1,0.0,0.11764705882352941,,nvai,10.0,x,2.0219750561807404e+18,0.0,0.0,3.0,5.0,0.0,0.0,0.0,Unspecified,ExtAmp,19.079454,11.065742
@weaverobotics The rollout of a non-teleoperated home helper is a great sign of the advancement in the field of robotics. Props to you guys!,https://x.com/nurvai_ai/status/2021936452381090209,,,,2026-02-12,,,,242,,,,,0,0,0,0.0,0.0,,nvai,0.0,x,2.0219364523810903e+18,0.0,0.0,0.0,0.0,0.0,0.0,0.0,Reply,ExtAmp,15.436119,9.5932
"This is a really cool development, automation like this can help people with dexterity issues live their daily lives. A world in which data is more available, is a world in which training for this types of tasks becomes faster and results become smoother.",https://x.com/nurvai_ai/status/2021607217741349324,,,,2026-02-11,,,,95,,,,,0,0,0,0.0,0.010526315789473684,,nvai,1.0,x,2.0216072177413494e+18,0.0,0.0,1.0,0.0,0.0,0.0,0.0,Unspecified,ExtAmp,16.792849,11.465272
@faunarobotics This is exactly the right philosophy. Human first designed robots,https://x.com/nurvai_ai/status/2021603883252916233,,,,2026-02-11,,,,16,,,,,0,0,0,0.0,0.0,,nvai,0.0,x,2.0216038832529162e+18,0.0,0.0,0.0,0.0,0.0,0.0,0.0,Reply,ExtAmp,16.566467,10.29279
@0xDevShah This is literally us.,https://x.com/nurvai_ai/status/2019417850277163396,,,,2026-02-05,,,,12,,,,,0,0,0,0.0,0.0,,nvai,0.0,x,2.0194178502771635e+18,0.0,0.0,0.0,0.0,0.0,0.0,0.0,Reply,ExtAmp,13.425687,9.834964
